-- MySQL dump 10.13  Distrib 8.0.19, for Linux (x86_64)
--
-- Host: localhost    Database: vk
-- ------------------------------------------------------
-- Server version	8.0.19

/*!40101 SET @OLD_CHARACTER_SET_CLIENT=@@CHARACTER_SET_CLIENT */;
/*!40101 SET @OLD_CHARACTER_SET_RESULTS=@@CHARACTER_SET_RESULTS */;
/*!40101 SET @OLD_COLLATION_CONNECTION=@@COLLATION_CONNECTION */;
/*!50503 SET NAMES utf8mb4 */;
/*!40103 SET @OLD_TIME_ZONE=@@TIME_ZONE */;
/*!40103 SET TIME_ZONE='+00:00' */;
/*!40014 SET @OLD_UNIQUE_CHECKS=@@UNIQUE_CHECKS, UNIQUE_CHECKS=0 */;
/*!40014 SET @OLD_FOREIGN_KEY_CHECKS=@@FOREIGN_KEY_CHECKS, FOREIGN_KEY_CHECKS=0 */;
/*!40101 SET @OLD_SQL_MODE=@@SQL_MODE, SQL_MODE='NO_AUTO_VALUE_ON_ZERO' */;
/*!40111 SET @OLD_SQL_NOTES=@@SQL_NOTES, SQL_NOTES=0 */;

--
-- Table structure for table `communities`
--

DROP TABLE IF EXISTS `communities`;
/*!40101 SET @saved_cs_client     = @@character_set_client */;
/*!50503 SET character_set_client = utf8mb4 */;
CREATE TABLE `communities` (
  `id` int unsigned NOT NULL AUTO_INCREMENT,
  `name` varchar(150) CHARACTER SET utf8 COLLATE utf8_unicode_ci NOT NULL,
  PRIMARY KEY (`id`),
  UNIQUE KEY `name` (`name`)
) ENGINE=InnoDB AUTO_INCREMENT=101 DEFAULT CHARSET=utf8 COLLATE=utf8_unicode_ci;
/*!40101 SET character_set_client = @saved_cs_client */;

--
-- Dumping data for table `communities`
--

LOCK TABLES `communities` WRITE;
/*!40000 ALTER TABLE `communities` DISABLE KEYS */;
INSERT INTO `communities` VALUES (60,'a'),(80,'alias'),(97,'aliquid'),(29,'amet'),(4,'animi'),(65,'architecto'),(69,'asperiores'),(45,'aut'),(79,'autem'),(52,'beatae'),(62,'blanditiis'),(85,'commodi'),(23,'consectetur'),(67,'consequatur'),(76,'consequuntur'),(40,'culpa'),(26,'cupiditate'),(35,'debitis'),(59,'deleniti'),(68,'deserunt'),(37,'dicta'),(55,'distinctio'),(92,'dolor'),(53,'dolorem'),(95,'dolores'),(77,'doloribus'),(87,'ducimus'),(27,'ea'),(41,'earum'),(82,'eligendi'),(84,'eos'),(5,'esse'),(3,'est'),(14,'et'),(18,'eum'),(47,'ex'),(16,'expedita'),(38,'facilis'),(48,'fugiat'),(10,'id'),(78,'illo'),(44,'impedit'),(98,'ipsa'),(46,'ipsam'),(58,'iste'),(89,'iusto'),(13,'labore'),(64,'laudantium'),(22,'libero'),(56,'magnam'),(31,'molestiae'),(39,'mollitia'),(99,'natus'),(25,'necessitatibus'),(17,'neque'),(30,'nihil'),(15,'nisi'),(32,'non'),(61,'nostrum'),(94,'odio'),(9,'odit'),(75,'officia'),(88,'officiis'),(34,'omnis'),(100,'optio'),(49,'pariatur'),(51,'perferendis'),(70,'perspiciatis'),(63,'placeat'),(33,'possimus'),(90,'praesentium'),(74,'quae'),(91,'quas'),(42,'quasi'),(20,'qui'),(93,'quia'),(7,'quo'),(2,'quod'),(83,'recusandae'),(86,'rem'),(43,'repellat'),(50,'repellendus'),(73,'repudiandae'),(96,'saepe'),(57,'sit'),(66,'soluta'),(6,'sunt'),(54,'tempore'),(19,'tenetur'),(24,'totam'),(71,'unde'),(36,'ut'),(11,'vel'),(12,'veniam'),(72,'vitae'),(1,'voluptas'),(8,'voluptate'),(28,'voluptatem'),(21,'voluptates'),(81,'voluptatibus');
/*!40000 ALTER TABLE `communities` ENABLE KEYS */;
UNLOCK TABLES;

--
-- Table structure for table `communities_users`
--

DROP TABLE IF EXISTS `communities_users`;
/*!40101 SET @saved_cs_client     = @@character_set_client */;
/*!50503 SET character_set_client = utf8mb4 */;
CREATE TABLE `communities_users` (
  `community_id` int unsigned NOT NULL,
  `user_id` int unsigned NOT NULL,
  PRIMARY KEY (`community_id`,`user_id`)
) ENGINE=InnoDB DEFAULT CHARSET=utf8 COLLATE=utf8_unicode_ci;
/*!40101 SET character_set_client = @saved_cs_client */;

--
-- Dumping data for table `communities_users`
--

LOCK TABLES `communities_users` WRITE;
/*!40000 ALTER TABLE `communities_users` DISABLE KEYS */;
INSERT INTO `communities_users` VALUES (1,41),(2,89),(3,81),(4,75),(5,17),(6,97),(7,35),(8,26),(9,12),(10,48),(11,24),(12,8),(13,37),(14,99),(15,100),(16,18),(17,43),(18,33),(19,86),(20,90),(21,95),(22,88),(23,80),(24,78),(25,11),(26,44),(27,62),(28,47),(29,69),(30,74),(31,93),(32,7),(33,5),(34,57),(35,39),(36,9),(37,52),(38,54),(39,38),(40,22),(41,30),(42,58),(43,14),(44,20),(45,61),(46,67),(47,83),(48,98),(49,28),(50,76),(51,25),(52,16),(53,94),(54,73),(55,51),(56,87),(57,19),(58,79),(59,70),(60,42),(61,60),(62,31),(63,71),(64,63),(65,1),(66,13),(67,49),(68,36),(69,10),(70,55),(71,56),(72,15),(73,32),(74,23),(75,45),(76,27),(77,21),(78,64),(79,68),(80,3),(81,50),(82,4),(83,46),(84,53),(85,2),(86,92),(87,65),(88,34),(89,59),(90,6),(91,72),(92,40),(93,85),(94,96),(95,66),(96,77),(97,29),(98,84),(99,82),(100,91);
/*!40000 ALTER TABLE `communities_users` ENABLE KEYS */;
UNLOCK TABLES;

--
-- Table structure for table `friendship`
--

DROP TABLE IF EXISTS `friendship`;
/*!40101 SET @saved_cs_client     = @@character_set_client */;
/*!50503 SET character_set_client = utf8mb4 */;
CREATE TABLE `friendship` (
  `user_id` int unsigned NOT NULL,
  `friend_id` int unsigned NOT NULL,
  `status_id` int unsigned NOT NULL,
  `requested_at` datetime DEFAULT CURRENT_TIMESTAMP,
  `confirmed_at` datetime DEFAULT NULL,
  PRIMARY KEY (`user_id`,`friend_id`)
) ENGINE=InnoDB DEFAULT CHARSET=utf8 COLLATE=utf8_unicode_ci;
/*!40101 SET character_set_client = @saved_cs_client */;

--
-- Dumping data for table `friendship`
--

LOCK TABLES `friendship` WRITE;
/*!40000 ALTER TABLE `friendship` DISABLE KEYS */;
INSERT INTO `friendship` VALUES (3,56,3,'2019-12-22 09:58:43','2019-08-27 11:12:05'),(4,49,2,'2019-06-10 16:23:59','2019-12-24 07:20:47'),(5,28,3,'2019-08-01 06:46:30','2019-10-30 17:53:34'),(5,46,1,'2019-09-07 16:37:33','2020-02-27 10:08:19'),(7,6,1,'2019-07-01 16:26:06','2020-02-11 02:19:42'),(7,18,3,'2019-07-08 14:24:56','2020-03-25 18:28:01'),(7,68,1,'2019-06-23 18:25:08','2019-10-31 23:36:17'),(7,100,2,'2019-09-28 20:58:57','2019-07-07 15:53:41'),(9,43,2,'2019-10-04 04:13:41','2019-07-25 19:24:47'),(10,60,2,'2019-05-10 10:55:58','2020-01-25 02:24:44'),(12,55,2,'2020-02-24 05:39:05','2020-01-21 14:29:57'),(12,68,2,'2019-06-06 19:12:10','2019-11-04 19:44:41'),(13,5,1,'2020-01-23 06:30:49','2019-11-18 09:34:33'),(14,57,3,'2019-06-20 04:41:06','2019-12-18 15:25:41'),(15,34,3,'2019-03-31 13:09:30','2019-05-09 18:01:05'),(15,51,1,'2019-10-27 05:50:39','2019-06-28 02:51:37'),(16,7,3,'2019-11-12 07:00:55','2019-07-03 20:19:41'),(17,6,2,'2020-02-16 13:41:11','2019-12-15 23:48:33'),(17,33,1,'2020-03-27 10:35:21','2020-03-07 11:56:40'),(17,64,2,'2019-06-23 09:06:57','2019-09-13 02:07:41'),(19,57,3,'2019-11-14 05:18:57','2019-10-07 08:32:15'),(20,84,2,'2019-04-11 08:20:48','2019-11-18 13:45:59'),(21,56,3,'2020-02-10 08:03:12','2019-11-21 18:55:52'),(22,97,1,'2019-04-28 21:18:55','2019-07-03 21:48:49'),(24,14,2,'2020-03-28 11:33:28','2019-07-17 01:42:13'),(24,89,2,'2019-10-03 08:35:22','2019-05-29 01:41:04'),(25,79,3,'2019-10-10 13:51:58','2020-01-14 22:27:01'),(25,86,2,'2019-05-17 02:04:06','2019-05-05 02:20:41'),(26,58,2,'2019-11-16 06:38:46','2019-10-21 05:52:55'),(26,74,2,'2020-01-31 15:39:40','2019-03-31 03:46:41'),(27,68,3,'2019-12-01 23:56:45','2019-06-14 03:55:30'),(28,22,3,'2019-03-31 00:04:09','2019-11-06 10:08:01'),(30,7,3,'2019-05-14 00:01:58','2020-03-23 10:24:28'),(32,10,2,'2019-07-03 06:24:32','2019-07-22 11:38:51'),(32,75,1,'2019-05-31 16:35:10','2019-06-01 06:57:38'),(35,78,1,'2019-09-09 00:22:04','2019-05-06 15:42:32'),(35,82,1,'2020-01-29 11:30:07','2019-07-18 17:45:39'),(36,76,1,'2020-02-07 12:59:11','2019-08-12 17:10:11'),(37,39,1,'2019-05-19 17:13:22','2019-04-12 05:13:02'),(38,27,1,'2019-05-01 08:43:40','2019-11-29 21:23:38'),(40,81,1,'2019-05-03 05:04:33','2019-05-09 04:15:04'),(41,55,3,'2019-12-08 19:09:07','2019-08-21 07:43:22'),(43,30,1,'2020-02-23 18:34:24','2020-02-26 08:07:34'),(43,34,3,'2019-10-31 02:38:14','2019-12-30 07:34:03'),(43,72,1,'2020-02-23 03:30:10','2019-09-01 05:13:53'),(47,27,3,'2020-02-28 02:21:22','2019-05-25 19:13:12'),(48,35,3,'2019-06-12 03:25:07','2020-01-08 21:26:10'),(56,1,3,'2019-05-05 17:23:27','2020-01-08 20:03:43'),(56,13,3,'2019-05-12 21:18:20','2019-08-08 22:04:26'),(56,47,3,'2019-04-05 03:03:40','2019-05-15 15:20:52'),(58,62,2,'2019-06-27 07:46:57','2019-05-26 08:12:27'),(58,96,3,'2019-10-21 05:17:33','2020-03-19 08:14:27'),(59,21,2,'2020-01-31 14:41:14','2019-06-06 16:36:48'),(59,30,1,'2019-09-23 12:53:15','2019-05-06 21:27:58'),(61,68,1,'2020-02-09 14:01:26','2020-03-26 11:18:07'),(62,51,3,'2020-02-09 17:23:48','2019-12-03 04:52:49'),(62,76,2,'2020-03-18 12:39:54','2020-03-03 22:52:31'),(63,38,1,'2020-03-03 13:26:38','2019-05-17 21:17:30'),(63,56,1,'2020-01-26 17:03:31','2019-07-26 00:58:02'),(64,24,3,'2019-07-21 00:37:46','2019-05-17 00:55:32'),(64,45,2,'2020-01-23 05:01:01','2019-12-22 07:00:14'),(64,76,1,'2019-06-12 12:38:50','2020-02-08 10:55:56'),(66,77,1,'2020-03-06 16:14:45','2019-04-29 09:35:22'),(67,26,1,'2019-05-03 18:47:27','2019-12-27 00:03:26'),(68,60,3,'2019-05-14 03:37:18','2019-08-16 09:13:43'),(69,8,2,'2020-02-27 07:04:43','2019-10-09 00:24:12'),(72,59,2,'2019-04-02 04:03:44','2019-12-04 13:21:33'),(72,79,3,'2019-12-30 19:30:39','2019-10-25 06:14:21'),(74,33,3,'2019-11-15 19:25:25','2019-07-11 23:29:24'),(74,86,1,'2019-10-20 06:04:01','2019-12-19 19:03:21'),(75,15,2,'2019-11-28 06:29:09','2019-04-04 04:31:42'),(75,75,1,'2019-12-20 01:38:40','2019-12-19 03:50:35'),(76,28,2,'2019-12-22 01:42:23','2020-02-28 04:47:12'),(78,81,1,'2020-02-16 18:02:34','2019-06-11 21:17:35'),(78,82,2,'2020-01-05 23:42:05','2020-02-25 19:53:26'),(80,15,2,'2019-10-29 09:32:16','2020-02-23 07:16:33'),(82,73,2,'2019-09-06 07:48:29','2019-06-22 23:42:31'),(83,81,2,'2019-06-11 20:08:24','2020-02-28 22:26:28'),(85,63,2,'2019-11-30 04:23:03','2019-07-03 19:32:27'),(87,80,3,'2019-12-09 07:38:43','2019-08-11 20:37:20'),(88,5,3,'2020-02-28 05:45:05','2019-07-15 08:39:34'),(90,55,3,'2019-07-29 09:42:41','2020-01-09 05:08:03'),(90,60,3,'2019-09-03 05:42:37','2020-01-08 15:35:55'),(90,99,1,'2019-06-09 23:52:12','2019-07-10 17:33:06'),(92,37,3,'2020-03-30 05:56:12','2019-06-19 13:51:43'),(92,38,1,'2019-12-01 02:33:51','2019-11-26 17:30:00'),(93,2,3,'2019-08-11 23:14:23','2019-07-08 00:49:34'),(93,70,3,'2020-01-04 23:20:37','2019-05-28 20:16:21'),(94,2,2,'2019-08-03 04:50:19','2020-01-23 06:22:47'),(94,34,1,'2019-05-10 03:10:54','2019-10-20 17:39:54'),(95,47,2,'2020-01-08 05:45:44','2020-02-27 07:29:31'),(96,55,1,'2019-08-17 12:19:32','2019-05-23 09:52:42'),(96,61,1,'2020-03-28 23:44:58','2019-08-08 21:57:42'),(96,71,1,'2019-06-12 05:12:14','2019-10-14 08:52:59'),(96,86,2,'2019-07-14 06:08:44','2019-04-22 18:03:24'),(97,79,2,'2019-08-14 08:54:32','2019-10-24 10:41:08'),(99,76,1,'2019-12-31 05:08:29','2019-07-26 21:14:12'),(100,72,1,'2019-07-16 01:24:47','2019-08-17 04:09:45');
/*!40000 ALTER TABLE `friendship` ENABLE KEYS */;
UNLOCK TABLES;

--
-- Table structure for table `friendship_statuses`
--

DROP TABLE IF EXISTS `friendship_statuses`;
/*!40101 SET @saved_cs_client     = @@character_set_client */;
/*!50503 SET character_set_client = utf8mb4 */;
CREATE TABLE `friendship_statuses` (
  `id` int unsigned NOT NULL AUTO_INCREMENT,
  `name` varchar(150) CHARACTER SET utf8 COLLATE utf8_unicode_ci NOT NULL,
  PRIMARY KEY (`id`),
  UNIQUE KEY `name` (`name`)
) ENGINE=InnoDB AUTO_INCREMENT=4 DEFAULT CHARSET=utf8 COLLATE=utf8_unicode_ci;
/*!40101 SET character_set_client = @saved_cs_client */;

--
-- Dumping data for table `friendship_statuses`
--

LOCK TABLES `friendship_statuses` WRITE;
/*!40000 ALTER TABLE `friendship_statuses` DISABLE KEYS */;
INSERT INTO `friendship_statuses` VALUES (3,'eos'),(2,'ipsam'),(1,'quasi');
/*!40000 ALTER TABLE `friendship_statuses` ENABLE KEYS */;
UNLOCK TABLES;

--
-- Table structure for table `media`
--

DROP TABLE IF EXISTS `media`;
/*!40101 SET @saved_cs_client     = @@character_set_client */;
/*!50503 SET character_set_client = utf8mb4 */;
CREATE TABLE `media` (
  `id` int unsigned NOT NULL AUTO_INCREMENT,
  `media_type_id` int unsigned NOT NULL,
  `user_id` int unsigned NOT NULL,
  `file_path` varchar(255) CHARACTER SET utf8 COLLATE utf8_unicode_ci NOT NULL,
  `size` int NOT NULL,
  `metadata` longtext CHARACTER SET utf8mb4 COLLATE utf8mb4_bin,
  `created_at` datetime DEFAULT CURRENT_TIMESTAMP,
  `updated_at` datetime DEFAULT CURRENT_TIMESTAMP ON UPDATE CURRENT_TIMESTAMP,
  PRIMARY KEY (`id`)
) ENGINE=InnoDB AUTO_INCREMENT=101 DEFAULT CHARSET=utf8 COLLATE=utf8_unicode_ci;
/*!40101 SET character_set_client = @saved_cs_client */;

--
-- Dumping data for table `media`
--

LOCK TABLES `media` WRITE;
/*!40000 ALTER TABLE `media` DISABLE KEYS */;
INSERT INTO `media` VALUES (1,1,62,'Omnis quia id quaerat et qui porro numquam dignissimos.',184772600,'audio/x-mpegurl','2019-09-27 17:26:29','2019-04-29 12:42:28'),(2,2,84,'Sed quia nesciunt eligendi eius maxime accusantium.',768282,'image/x-3ds','2019-10-20 05:08:15','2019-04-15 12:22:31'),(3,3,18,'Placeat ab veniam voluptatem officiis pariatur.',0,'application/x-xliff+xml','2020-03-22 03:50:30','2019-05-05 15:05:11'),(4,4,77,'Error libero aut voluptatibus eveniet.',0,'application/vnd.openxmlformats-officedocument.wordprocessingml.document','2020-01-27 04:29:23','2020-01-11 11:45:49'),(5,5,92,'Ea id eos quasi facere dolor.',38,'application/vnd.mseq','2020-01-30 16:19:12','2019-05-02 23:36:40'),(6,6,82,'Delectus nobis enim quibusdam est sit dolore.',4581508,'application/x-sv4cpio','2019-06-27 03:41:20','2020-01-17 21:54:05'),(7,7,11,'Sit accusamus adipisci autem dolorem.',62086336,'text/vnd.wap.wmlscript','2020-01-23 15:26:52','2020-02-25 06:08:05'),(8,8,73,'Voluptatem praesentium sint illo nihil.',21639029,'application/vnd.sun.xml.impress.template','2019-06-28 12:52:22','2019-08-11 21:07:29'),(9,9,68,'Sint dolorem voluptatum ipsam tempore.',8,'application/x-msdownload','2019-12-08 02:03:26','2019-12-16 20:21:05'),(10,10,5,'Natus corrupti hic eligendi non eos.',396,'application/mp4','2019-04-25 20:26:00','2019-12-11 19:11:53'),(11,1,19,'Ipsa velit est nulla eaque.',5667988,'application/vnd.symbian.install','2020-02-27 15:42:21','2019-11-06 12:05:09'),(12,2,55,'Nesciunt sunt officia rerum voluptatem dolorem sit similique.',596,'application/vnd.dece.data','2019-10-07 13:20:13','2019-04-16 20:17:25'),(13,3,52,'Tenetur sunt ea aliquid in.',311049,'image/x-pict','2019-06-08 17:24:33','2019-08-03 15:38:54'),(14,4,37,'Tempora ipsam ut est eos quis.',3139,'application/x-gca-compressed','2019-05-08 03:31:18','2020-01-28 18:29:26'),(15,5,9,'Laboriosam vel quidem nostrum magnam consectetur dolorem.',0,'application/pgp-signature','2019-10-01 06:02:26','2019-12-04 01:18:52'),(16,6,19,'Velit ad eos aut rerum aut qui excepturi.',605,'application/vnd.ms-cab-compressed','2019-06-14 03:40:30','2019-07-09 19:08:10'),(17,7,100,'Animi ut modi doloremque.',840726,'image/vnd.fpx','2019-04-24 05:44:14','2019-08-08 12:46:21'),(18,8,11,'Qui distinctio id ad laborum ducimus eum quia sed.',3037071,'application/vnd.dvb.ait','2020-01-24 18:37:26','2019-07-14 03:46:49'),(19,9,53,'Temporibus dolor ipsa enim nemo sint.',5299524,'model/x3d+xml','2019-10-27 08:44:50','2019-11-17 15:23:02'),(20,10,57,'Veritatis officia laudantium sit aut mollitia sint.',9243737,'application/vnd.oasis.opendocument.graphics','2020-03-29 15:59:14','2020-03-20 03:16:42'),(21,1,63,'Maxime distinctio quia voluptatem totam.',0,'application/x-chess-pgn','2019-12-18 20:18:22','2019-04-18 04:25:54'),(22,2,51,'Voluptatibus doloremque fugit velit.',886434,'model/x3d+xml','2019-08-16 14:13:02','2019-08-26 17:37:27'),(23,3,86,'Quibusdam neque quia quo fugit et magnam.',377,'video/x-flv','2020-02-12 02:42:35','2019-08-25 02:45:19'),(24,4,63,'Nobis voluptatum quisquam velit ratione quia.',37623294,'application/vnd.oasis.opendocument.database','2019-12-19 15:14:02','2019-10-18 21:27:02'),(25,5,10,'Aut quam esse et iusto et eos aut.',4,'application/vnd.tmobile-livetv','2019-11-10 22:14:16','2019-09-04 22:59:23'),(26,6,12,'Aut deleniti doloribus laborum labore.',16703153,'application/vnd.shana.informed.package','2019-10-12 10:43:36','2019-07-22 01:06:52'),(27,7,13,'Quisquam voluptatem non amet ipsam quod veniam illum perferendis.',276058397,'video/x-ms-asf','2020-01-27 10:07:11','2020-02-11 08:37:33'),(28,8,73,'Non enim atque voluptatem non qui dolorem.',3,'image/vnd.ms-modi','2019-06-08 04:51:13','2019-08-02 12:06:32'),(29,9,41,'Iste minus aperiam perferendis sed nihil doloremque enim.',859985507,'application/vnd.fdsn.mseed','2019-10-14 03:52:50','2019-06-07 18:31:41'),(30,10,19,'Libero voluptates tenetur quidem cum.',5750873,'text/vnd.in3d.spot','2019-12-24 20:18:04','2019-11-21 20:32:57'),(31,1,37,'Rerum et maiores ducimus eum quia ex alias aliquid.',87762,'model/vnd.vtu','2019-04-30 00:56:31','2019-09-24 04:09:38'),(32,2,8,'Magnam blanditiis ut dolorem.',0,'application/vnd.ms-powerpoint.slideshow.macroenabled.12','2019-12-29 21:00:04','2019-11-16 22:06:50'),(33,3,94,'Et labore aut beatae laborum incidunt corrupti sit.',686766488,'application/x-blorb','2019-04-22 12:46:01','2019-11-30 09:45:44'),(34,4,15,'Magni exercitationem fugiat eos voluptatem.',149,'text/x-fortran','2019-08-30 05:42:17','2020-01-11 22:12:16'),(35,5,34,'Totam sequi voluptatem ad id voluptas rerum aspernatur non.',675516,'application/vnd.kde.kword','2019-11-15 13:41:28','2019-07-09 06:34:41'),(36,6,39,'Dolorem porro autem dolorem.',82030,'application/vnd.shana.informed.formtemplate','2019-04-22 21:05:12','2019-05-04 10:59:01'),(37,7,50,'Rerum eum est et porro quia iste.',0,'video/3gpp2','2020-03-28 18:08:28','2020-01-30 14:24:47'),(38,8,21,'Corrupti dignissimos quod rem sit.',69,'application/vnd.ms-excel','2019-08-24 20:59:18','2020-01-04 05:12:09'),(39,9,45,'Aut minus eaque iusto quia.',44033,'application/x-gnumeric','2019-12-31 01:01:32','2020-03-16 20:15:43'),(40,10,39,'Ea iste reiciendis quaerat et dolor consequatur et rerum.',9307425,'application/vnd.oasis.opendocument.presentation-template','2019-12-18 13:10:30','2020-03-12 15:59:49'),(41,1,45,'Molestiae vel quam voluptatem autem earum non asperiores.',2184537,'application/vnd.dolby.mlp','2019-12-01 18:31:21','2019-05-11 17:33:06'),(42,2,67,'Quis magni ducimus accusantium illo illum repellat.',4744676,'video/mj2','2019-10-22 01:40:26','2019-11-04 10:10:57'),(43,3,53,'Et dolor ratione velit.',350548,'application/x-tex','2019-11-04 06:02:58','2020-02-06 00:59:58'),(44,4,9,'Tenetur soluta vel nihil ea nihil aut aut est.',9708,'application/vnd.ms-powerpoint.presentation.macroenabled.12','2019-04-22 09:48:33','2019-07-27 05:14:57'),(45,5,26,'Mollitia quidem ipsa modi sed cumque eos quis.',52231,'application/vnd.ahead.space','2019-12-04 08:33:37','2019-10-18 05:39:10'),(46,6,35,'Repellendus sunt illo debitis ut minima.',278635,'application/vnd.lotus-freelance','2019-08-08 15:16:13','2019-08-21 20:02:12'),(47,7,51,'Est aut et beatae.',4500,'application/vnd.ms-powerpoint.template.macroenabled.12','2019-08-11 02:27:28','2020-03-11 17:44:57'),(48,8,76,'Occaecati rerum explicabo itaque dolores aperiam.',533,'application/vnd.recordare.musicxml','2019-11-06 08:31:36','2019-11-14 12:18:50'),(49,9,14,'Velit excepturi quia adipisci nemo soluta voluptates ratione veniam.',7993,'text/vnd.sun.j2me.app-descriptor','2019-04-07 09:43:05','2020-03-01 08:19:31'),(50,10,85,'Minus necessitatibus amet ut tempora omnis cupiditate ex qui.',0,'video/jpm','2019-05-08 02:11:37','2019-07-09 09:56:53'),(51,1,44,'Eum voluptatem suscipit quasi omnis voluptates quo.',852,'application/vnd.visionary','2019-09-06 04:54:19','2019-04-26 00:28:56'),(52,2,9,'Et doloremque libero error nobis nostrum.',51436,'text/x-vcalendar','2019-05-29 16:33:41','2019-11-07 07:15:05'),(53,3,43,'Eveniet sit et necessitatibus et harum enim.',9281936,'application/vnd.dreamfactory','2019-11-23 17:12:18','2020-01-29 06:23:05'),(54,4,28,'Voluptatem voluptatem veniam est incidunt.',745413,'application/vnd.oasis.opendocument.database','2019-06-30 02:06:47','2019-08-21 19:21:53'),(55,5,50,'Provident rerum quae error et expedita et magni.',0,'video/vnd.dece.hd','2020-03-15 11:09:52','2020-03-21 08:11:53'),(56,6,68,'Minus molestiae unde sit ex.',8923507,'application/vnd.webturbo','2020-02-06 11:19:26','2019-06-10 21:58:34'),(57,7,87,'Perspiciatis exercitationem reiciendis est est aliquam dolores autem.',44858,'application/vnd.smaf','2019-09-17 06:57:38','2019-04-04 05:02:23'),(58,8,29,'Ducimus aperiam dicta et maiores.',4810409,'application/x-cfs-compressed','2019-07-10 21:19:58','2019-06-24 22:52:04'),(59,9,75,'Omnis debitis repudiandae est animi ut.',8853,'application/vnd.openxmlformats-officedocument.presentationml.slideshow','2020-03-04 13:55:14','2019-08-21 00:45:26'),(60,10,83,'Qui est provident sit est reprehenderit consequatur quibusdam.',710,'application/x-xfig','2019-07-27 14:07:26','2020-01-20 13:46:48'),(61,1,20,'Eius dolorum hic et minus sit.',6808150,'application/vnd.openxmlformats-officedocument.spreadsheetml.sheet','2019-09-06 10:49:15','2020-02-27 23:12:59'),(62,2,69,'Eaque explicabo amet aut reiciendis.',4,'application/x-cdlink','2019-06-06 19:13:30','2019-12-20 13:49:52'),(63,3,1,'Similique perspiciatis excepturi nihil sunt.',78,'image/x-icon','2020-01-24 14:37:33','2019-05-20 11:47:58'),(64,4,46,'Deleniti vero possimus id mollitia delectus eum accusantium voluptas.',0,'text/vnd.curl','2019-06-17 10:01:18','2020-03-28 06:51:03'),(65,5,17,'Magnam dolores maxime voluptas id atque mollitia.',590225732,'image/ief','2020-02-15 19:14:00','2019-09-11 07:56:33'),(66,6,60,'Sed exercitationem qui sint odio iusto.',6629,'video/x-mng','2020-01-23 11:33:31','2019-12-18 22:20:56'),(67,7,69,'Repellat necessitatibus laudantium quis nostrum.',71,'application/x-java-jnlp-file','2019-07-15 21:51:33','2020-03-27 15:10:56'),(68,8,3,'Quas consequatur et alias modi molestiae ratione.',2268418,'application/vnd.epson.msf','2019-11-12 03:52:29','2019-05-24 01:29:53'),(69,9,36,'Provident eos et sequi qui sit.',169590,'application/rtf','2020-03-18 02:21:17','2019-09-18 20:14:22'),(70,10,83,'Ut itaque nemo perferendis.',8275,'application/xproc+xml','2019-07-08 05:35:00','2019-06-02 09:49:12'),(71,1,74,'Ipsa quo nihil et ducimus eum accusantium.',488179,'application/vnd.adobe.xfdf','2020-02-18 06:03:10','2020-03-16 05:29:59'),(72,2,23,'Ut non veritatis sit voluptas alias.',0,'application/vnd.tao.intent-module-archive','2020-02-09 21:22:58','2019-12-28 06:04:39'),(73,3,100,'Nam corporis et omnis cumque laudantium eos voluptatem.',45440160,'application/xml-dtd','2019-07-07 23:59:30','2019-10-06 16:00:30'),(74,4,22,'Deserunt ipsum corrupti dolores temporibus.',4,'text/vnd.in3d.spot','2019-06-25 11:26:21','2019-10-16 02:09:30'),(75,5,91,'Ea eligendi quidem aut explicabo et officiis.',960297624,'application/vnd.kde.kivio','2019-10-20 09:03:00','2019-07-27 19:49:00'),(76,6,9,'Omnis aperiam laboriosam qui voluptatem ex ab nihil.',8409923,'application/vnd.ms-excel','2019-10-07 09:50:45','2020-03-26 09:49:41'),(77,7,34,'Placeat quasi doloribus quidem consequatur ut ullam.',28234266,'video/vnd.dvb.file','2019-04-04 17:37:39','2019-06-27 04:17:26'),(78,8,59,'Odit ut et magni enim earum.',6017031,'application/x-freearc','2019-07-16 09:36:25','2019-04-15 07:38:45'),(79,9,46,'Nostrum laborum quisquam a.',35,'image/vnd.fujixerox.edmics-rlc','2019-11-10 03:03:11','2019-05-20 04:02:09'),(80,10,11,'Voluptatem eius et atque voluptatum aut recusandae non.',11,'application/vnd.ms-word.template.macroenabled.12','2020-03-30 02:35:09','2019-07-25 17:44:18'),(81,1,60,'Exercitationem culpa eligendi similique distinctio.',4890609,'application/vnd.dece.ttml+xml','2020-02-24 20:00:14','2019-06-22 13:40:19'),(82,2,8,'Quia provident itaque placeat aut cupiditate quia reiciendis.',35465452,'application/vnd.lotus-notes','2020-02-28 17:57:54','2020-01-08 09:05:44'),(83,3,76,'Doloremque iure et et iste officia quibusdam.',0,'video/vnd.dece.pd','2019-11-25 18:15:21','2019-04-13 19:33:21'),(84,4,79,'Magni quia neque reiciendis temporibus ex repellat qui vero.',40350783,'image/x-icon','2019-12-21 19:11:59','2020-01-03 18:08:29'),(85,5,17,'In dolores laborum sint voluptatem eum.',872432,'application/x-chat','2020-01-29 22:19:44','2020-01-25 02:52:03'),(86,6,71,'Sed eaque rerum aliquam nulla et quam.',84872,'application/vnd.sus-calendar','2019-04-12 11:32:45','2019-12-30 22:32:12'),(87,7,19,'Quos eum dicta voluptatem veniam et.',97,'video/h261','2019-11-14 06:23:15','2019-12-21 08:09:09'),(88,8,75,'Vitae velit cum omnis aspernatur omnis esse.',890883,'application/mp4','2020-02-11 01:19:51','2019-08-04 23:40:20'),(89,9,19,'Illo aut voluptas ducimus sunt.',3703,'application/lost+xml','2019-12-24 16:58:45','2019-06-01 05:35:38'),(90,10,17,'Modi ab corrupti quas earum consequuntur voluptatem nihil.',200469133,'application/vnd.stepmania.stepchart','2019-08-25 15:46:53','2019-04-15 15:26:54'),(91,1,48,'Laborum et voluptas nam sequi eum facere.',0,'application/vnd.lotus-1-2-3','2019-11-22 01:56:58','2019-04-22 18:08:16'),(92,2,7,'Quidem quia commodi sed.',9765,'application/vnd.kde.kontour','2019-08-06 16:44:18','2019-05-05 04:47:51'),(93,3,77,'Optio velit ut porro quis placeat.',0,'application/vnd.sun.xml.impress.template','2019-04-19 21:35:07','2019-09-04 05:46:12'),(94,4,37,'Ducimus incidunt et consequatur soluta.',87,'application/x-mie','2019-06-09 08:10:01','2019-03-31 11:35:04'),(95,5,62,'Est tempora deserunt tenetur voluptas.',8094,'model/x3d+binary','2019-10-09 18:53:32','2019-08-27 23:46:46'),(96,6,3,'Iusto nemo voluptatem beatae omnis ratione eius.',89177,'application/vnd.llamagraphics.life-balance.desktop','2019-04-06 18:26:23','2019-07-30 15:49:55'),(97,7,78,'Soluta consequatur impedit aut laboriosam ut reprehenderit veritatis.',209159,'application/octet-stream','2019-11-25 04:26:45','2019-12-24 20:17:49'),(98,8,89,'Est odit odio velit aspernatur minus porro.',95770698,'video/quicktime','2019-07-23 23:33:37','2019-04-24 13:55:10'),(99,9,36,'Magni delectus provident repudiandae eum.',24,'application/vnd.oasis.opendocument.image-template','2019-11-24 02:06:56','2020-03-17 16:40:34'),(100,10,22,'Quis reprehenderit deserunt facilis occaecati est maxime.',12637209,'application/x-tgif','2019-07-09 14:38:57','2019-06-01 02:29:56');
/*!40000 ALTER TABLE `media` ENABLE KEYS */;
UNLOCK TABLES;

--
-- Table structure for table `media_types`
--

DROP TABLE IF EXISTS `media_types`;
/*!40101 SET @saved_cs_client     = @@character_set_client */;
/*!50503 SET character_set_client = utf8mb4 */;
CREATE TABLE `media_types` (
  `id` int unsigned NOT NULL AUTO_INCREMENT,
  `name` varchar(255) CHARACTER SET utf8 COLLATE utf8_unicode_ci NOT NULL,
  PRIMARY KEY (`id`),
  UNIQUE KEY `name` (`name`)
) ENGINE=InnoDB AUTO_INCREMENT=11 DEFAULT CHARSET=utf8 COLLATE=utf8_unicode_ci;
/*!40101 SET character_set_client = @saved_cs_client */;

--
-- Dumping data for table `media_types`
--

LOCK TABLES `media_types` WRITE;
/*!40000 ALTER TABLE `media_types` DISABLE KEYS */;
INSERT INTO `media_types` VALUES (4,'autem'),(2,'esse'),(3,'est'),(7,'ex'),(5,'facilis'),(6,'fugiat'),(10,'rerum'),(1,'tempore'),(9,'ut'),(8,'vel');
/*!40000 ALTER TABLE `media_types` ENABLE KEYS */;
UNLOCK TABLES;

--
-- Table structure for table `messages`
--

DROP TABLE IF EXISTS `messages`;
/*!40101 SET @saved_cs_client     = @@character_set_client */;
/*!50503 SET character_set_client = utf8mb4 */;
CREATE TABLE `messages` (
  `id` int unsigned NOT NULL AUTO_INCREMENT,
  `from_user_id` int unsigned NOT NULL,
  `to_user_id` int unsigned NOT NULL,
  `body` text CHARACTER SET utf8 COLLATE utf8_unicode_ci NOT NULL,
  `is_important` tinyint(1) DEFAULT NULL,
  `is_delivered` tinyint(1) DEFAULT NULL,
  `created_at` datetime DEFAULT CURRENT_TIMESTAMP,
  PRIMARY KEY (`id`)
) ENGINE=InnoDB AUTO_INCREMENT=101 DEFAULT CHARSET=utf8 COLLATE=utf8_unicode_ci;
/*!40101 SET character_set_client = @saved_cs_client */;

--
-- Dumping data for table `messages`
--

LOCK TABLES `messages` WRITE;
/*!40000 ALTER TABLE `messages` DISABLE KEYS */;
INSERT INTO `messages` VALUES (1,16,62,'Velit pariatur quo voluptatem. Architecto quam dolorem dolorum ut. Est cupiditate molestiae ducimus. Ad consequatur dolor aspernatur enim qui quos.',0,1,'2019-08-24 09:46:29'),(2,64,96,'Nihil explicabo laudantium repudiandae eos officiis inventore aspernatur. Dolores sit cupiditate quo in. Vel rem quis suscipit.',1,0,'2019-12-19 04:05:43'),(3,8,95,'Nobis et eos voluptatem incidunt qui. Molestiae maxime odio quibusdam quod architecto vel.',1,1,'2020-01-11 04:23:48'),(4,68,69,'Placeat ipsam saepe eos sit id et. Blanditiis atque sequi debitis eos ipsam et quo. Qui reprehenderit mollitia quia. Deleniti laborum hic rerum alias ut.',1,1,'2020-01-19 09:42:52'),(5,92,75,'Eveniet quisquam culpa consectetur quo ex. Sunt dolor qui et.',0,1,'2019-09-22 16:53:47'),(6,89,17,'Exercitationem doloribus possimus quidem. Optio qui accusantium est cumque sed maiores. Rerum quidem nam animi. Modi aut dolorum sed temporibus.',0,0,'2019-05-12 12:40:37'),(7,9,55,'Velit laudantium sequi quia tempora. Excepturi quia rerum eum quae voluptates et. Maxime sed quo qui voluptas nobis occaecati voluptates. Porro ipsam tempore porro quas ut in.',0,1,'2019-07-20 07:43:50'),(8,46,32,'Modi omnis voluptatum voluptatem. Perspiciatis sequi veritatis quis nisi recusandae voluptatum consectetur et. Atque aut unde necessitatibus aut consequuntur ut qui optio.',1,0,'2019-06-13 06:18:14'),(9,95,58,'Sit eligendi reiciendis id dolorem et eos ducimus. Natus ut quibusdam rem aut quibusdam. Inventore voluptate veritatis et architecto rerum et est porro.',1,0,'2020-03-24 15:55:12'),(10,32,32,'Ipsum facere velit repellat at et ipsam. Mollitia ut nostrum dolor necessitatibus. Est rerum consequatur pariatur qui. Provident autem eius ipsam culpa.',1,1,'2019-08-18 04:13:55'),(11,98,73,'At molestias vel a nisi sed inventore est impedit. Vel doloribus soluta et sed est. Nostrum vitae alias inventore qui et qui aut. Debitis dolor assumenda temporibus assumenda. Porro quod dignissimos at.',1,0,'2020-03-23 13:08:44'),(12,13,27,'Maiores nihil incidunt corporis vel ut vel quibusdam iusto. Laudantium qui rerum labore ad. Earum eveniet velit magnam temporibus repellat tenetur.',1,1,'2020-03-22 00:15:31'),(13,24,35,'Nihil laborum fuga eveniet eveniet. Ducimus non suscipit suscipit. Ut qui sint laboriosam dolorem. Unde explicabo ut aspernatur quibusdam id id sint eaque.',0,1,'2019-09-22 06:05:53'),(14,94,39,'Consequatur delectus quod necessitatibus ab ratione quaerat. Corrupti et corporis reprehenderit perspiciatis. Qui labore consequuntur accusamus eos asperiores voluptatum voluptatem.',0,0,'2020-02-15 23:40:02'),(15,92,15,'Quibusdam minus ad tempora delectus. Voluptates vel voluptatem numquam sit. Fugit enim dolorem vero cumque ut. Animi voluptas et ad iure iusto quod inventore.',0,0,'2019-07-02 03:10:44'),(16,16,53,'Ut incidunt ullam rerum atque voluptatem at quibusdam sed. Ea eum omnis et quod dicta est reiciendis eum. Et laborum fugit eligendi et accusantium omnis aliquid. Veritatis voluptas doloribus accusamus dolore rerum occaecati dignissimos.',0,0,'2019-07-13 07:04:30'),(17,3,82,'Et corrupti vel in nam ut accusamus neque. Ullam praesentium provident veniam nihil laudantium quidem commodi. Natus aut molestiae consequatur omnis et a minima.',0,0,'2019-05-18 17:34:11'),(18,91,30,'Perferendis eum minima voluptatum. Exercitationem consequatur omnis dolore officia iusto eaque error. Sed modi possimus voluptas cumque minima. Et voluptatem omnis quia.',0,0,'2019-05-30 18:20:51'),(19,24,21,'Et dolorum ea nisi corrupti in. Quo qui et sed et dolores fuga. Asperiores cumque distinctio debitis eos.',0,0,'2019-07-03 17:09:07'),(20,62,29,'Tempore incidunt sunt ea beatae sed dolorum. Rerum sit deserunt eveniet laboriosam. Voluptatem assumenda voluptatem ex enim. Necessitatibus dolorem dolore earum est veniam est dolore animi.',1,0,'2020-02-11 18:47:19'),(21,58,67,'Est ea hic enim eius. Vero officia eius laudantium autem consequuntur. Eos nobis perferendis quidem mollitia eligendi. Non voluptatem cum est doloribus modi.',1,0,'2019-09-08 21:13:03'),(22,95,89,'Veniam voluptas ipsam omnis omnis. Autem esse vel et omnis maiores corporis assumenda. Ut rem qui consequatur sapiente vel.',0,0,'2019-12-13 00:45:02'),(23,79,64,'Omnis velit rerum consequatur ullam doloribus voluptates corporis. Ratione aut et saepe dignissimos. A at perspiciatis reiciendis itaque pariatur magni. Ut deleniti sit saepe modi vitae laudantium cumque. Impedit perspiciatis est nisi ratione libero.',0,1,'2020-02-08 03:19:16'),(24,9,36,'Ab consequatur labore architecto expedita aut. Eligendi nemo quasi consequuntur deleniti ab aut accusamus. Magnam voluptates consequuntur et ut harum. Repellendus in voluptate vero eaque earum tempore.',1,0,'2019-06-25 12:11:23'),(25,43,93,'Dolores itaque voluptatibus nemo dolores. Esse eum vero expedita explicabo nihil facere. Eum sint excepturi illo vitae reiciendis laborum doloribus corporis.',0,1,'2020-03-30 14:48:11'),(26,35,51,'Repellat aspernatur quia illum aspernatur. Rerum distinctio officia rem corrupti distinctio delectus accusantium laudantium. Quasi libero in totam aut voluptatem rerum quis. Enim cupiditate quidem odio ex occaecati ut.',0,0,'2019-05-24 04:18:23'),(27,75,8,'Laboriosam ad est sint et. Impedit debitis voluptatem vitae voluptatum qui aut nobis vel. Hic at deserunt vero quia molestias et ipsam. Dignissimos porro rerum nam et asperiores.',1,1,'2019-11-20 14:12:45'),(28,68,85,'Eos qui laboriosam vitae aut ipsum est. Fugiat doloribus qui omnis deserunt recusandae et. Doloribus et quibusdam aliquam impedit voluptate et.',1,1,'2019-06-27 05:56:40'),(29,69,30,'Rerum animi veritatis esse libero et harum. Possimus porro ut omnis adipisci. Vel asperiores est omnis ut eum consectetur at id.',0,0,'2019-08-27 14:08:48'),(30,83,70,'Ipsa perspiciatis reiciendis tempora commodi iste. Aut alias repellendus laudantium non aperiam enim. Recusandae non perferendis quas. Iste nisi deserunt aut nihil minima rerum et.',0,0,'2019-08-02 21:09:28'),(31,57,66,'Totam cum sapiente aliquid. Temporibus sunt sit optio esse ducimus necessitatibus impedit qui. Ipsam dolorum ab qui quo quasi et. Dolore vel deleniti praesentium reprehenderit sed.',1,1,'2019-10-21 22:19:25'),(32,96,57,'Ipsa est quaerat asperiores eligendi sunt. Est et voluptates molestiae. Distinctio dolorem veritatis nobis nemo pariatur. Earum laboriosam excepturi non quaerat sed soluta fugit.',1,0,'2019-11-27 23:46:02'),(33,78,37,'Ad eos deleniti ut laudantium dignissimos magnam quis. Omnis id non suscipit harum quia.',0,0,'2020-03-11 21:57:57'),(34,34,88,'Quos veniam debitis aut quia. Tenetur autem qui et at et nobis voluptatem blanditiis. Aspernatur eaque iure itaque facere tempore non.',0,1,'2020-01-10 04:07:08'),(35,55,27,'Animi libero iure autem eaque earum saepe vel. Neque doloremque molestias velit consequatur exercitationem nihil. Quo quasi perferendis quasi iusto nihil ab corporis. Corporis facilis qui et odit vel.',0,0,'2020-02-16 16:38:27'),(36,60,20,'Dolorem et ut necessitatibus veniam voluptatem. Ipsam quas corrupti rem ullam minus impedit non. Harum voluptatem itaque voluptatibus quia est nemo quos. Corporis et expedita error itaque consequatur molestiae.',0,1,'2020-03-16 04:30:59'),(37,87,3,'Laborum aut qui illo. Consequatur et vero soluta quia qui ea. Non rerum error aut ab.',0,1,'2020-03-07 14:21:57'),(38,39,93,'Eos aut qui maiores quos est dolores magnam. Et expedita eum necessitatibus consequatur ea. Dolores harum voluptatibus hic ratione illum pariatur aut. Adipisci quasi est molestias sunt ea nemo.',1,1,'2020-03-19 03:32:12'),(39,96,59,'Ducimus sunt delectus saepe sit. Sed provident totam quasi voluptas officia dolorum. Voluptate est quod et culpa eos ipsa doloribus.',0,1,'2019-04-17 01:01:23'),(40,92,65,'In et et mollitia. Laudantium in nesciunt error non accusantium ipsam possimus.',0,0,'2019-12-06 16:04:04'),(41,38,28,'Sunt et et sunt veniam quos omnis. Ut non vero consectetur. Quis earum nulla sed dolore blanditiis aliquam.',0,0,'2019-06-12 22:01:40'),(42,65,2,'Dolorem earum dolor corrupti laudantium qui. Id dignissimos tempora at assumenda quae quia dicta qui. Eius reprehenderit alias consequuntur tenetur iusto excepturi.',0,0,'2019-09-28 07:24:53'),(43,34,7,'Veniam id facilis aliquam. Et debitis et nesciunt quae eos ut. Voluptatem nulla dolor odit ut alias illo. Exercitationem reprehenderit qui voluptatibus beatae vero.',1,0,'2019-07-16 04:28:47'),(44,91,84,'Rerum ut sit officia consectetur dolore. Laudantium hic qui dolorum ut animi sed dicta eum. Nulla vel voluptatum qui placeat consectetur. Molestiae sint suscipit quia sed aperiam est.',1,0,'2020-02-16 10:13:09'),(45,94,62,'Quae debitis quia aut nihil debitis voluptatibus temporibus. Est voluptatem quia perspiciatis in id incidunt. Ab deserunt non voluptates vel aperiam ut. Provident est quos aperiam minus reprehenderit est.',0,1,'2019-09-26 18:58:29'),(46,48,23,'Necessitatibus id tempore reprehenderit voluptatem. Non odio non unde culpa necessitatibus aliquam numquam. Veniam necessitatibus illum est voluptas. Corrupti laborum sit quam minus doloremque aut omnis.',0,0,'2020-01-15 04:59:29'),(47,62,1,'Laudantium temporibus quos voluptatibus magni voluptate voluptatem. Voluptatum voluptatum tempore deleniti deleniti aut dolore eos. Voluptatem molestiae harum in omnis.',0,1,'2019-06-12 13:51:04'),(48,59,25,'Voluptatem mollitia impedit explicabo qui. Excepturi fuga eum labore eveniet. Repellendus soluta nesciunt consectetur placeat consequatur eum fugit hic.',0,1,'2019-11-13 03:58:19'),(49,58,7,'Illo omnis hic aliquid adipisci enim ut. Incidunt aliquid aut tempora neque animi eum sit. Eaque debitis reprehenderit impedit excepturi illo.',0,0,'2019-07-02 16:48:18'),(50,73,40,'Ab et dolores quis ut exercitationem saepe nobis et. Labore laborum veritatis debitis ex ducimus est ipsam. Ducimus autem aut iste reprehenderit. Nesciunt ad quas mollitia qui.',1,0,'2019-11-23 05:55:56'),(51,20,100,'Culpa architecto numquam et alias reiciendis enim. Explicabo nesciunt dolores id culpa. Veritatis aut est voluptatem quia aperiam pariatur. Placeat nihil fugit perspiciatis sapiente.',0,0,'2019-12-12 02:28:54'),(52,40,23,'Praesentium maxime rem ex rem et quos. Blanditiis et nobis beatae eos qui ex cupiditate. Maiores alias rerum doloribus laborum.',1,1,'2019-10-21 21:49:49'),(53,16,83,'Id et non ipsam autem facilis. Officiis et rerum aut harum similique.',1,1,'2019-12-08 08:24:45'),(54,7,1,'In voluptatem et nam non alias atque. Velit incidunt dignissimos autem qui sit. Nisi eos quasi distinctio earum odit quis nisi.',1,0,'2019-08-13 14:52:59'),(55,63,100,'Quia mollitia expedita eos consectetur. Sequi qui veniam at aliquam qui. Maiores ipsum cupiditate sed aut cum consequatur.',1,1,'2019-06-28 10:37:46'),(56,66,92,'In soluta minus velit. Eum aut qui cumque aliquam corporis id. Ut soluta hic illum est vero ut.',1,0,'2020-02-27 10:47:44'),(57,62,68,'Aut aliquid cum magnam a ut. Nesciunt sint consectetur eos in facilis itaque. Rerum recusandae aliquid labore vero quo.',0,1,'2019-04-17 10:03:56'),(58,49,44,'A voluptatem ea pariatur itaque et nihil est. Aspernatur ratione fugiat dolor sint quis eligendi amet rerum. Rerum aut laudantium rerum ducimus. Eos odio quia consequatur qui voluptatum asperiores perferendis.',1,1,'2019-04-22 17:07:10'),(59,83,29,'Veritatis odit provident eum animi omnis iste officia. Incidunt neque ratione ut labore qui nam. Cupiditate placeat qui soluta sit tenetur illum reiciendis. Pariatur magnam rerum sed autem et.',0,0,'2019-05-28 11:27:39'),(60,43,16,'Sit aspernatur ratione quasi dolor dolor. Quaerat necessitatibus placeat reprehenderit. Minima rerum perspiciatis recusandae laudantium qui sit quia.',0,0,'2019-10-02 06:57:09'),(61,80,17,'Tempore perspiciatis sit placeat minima commodi numquam aut. Nesciunt omnis non est eos sit. Exercitationem quaerat repellendus beatae ut autem repudiandae. Saepe hic dolores totam consectetur ipsum eum magni.',0,1,'2020-01-22 14:35:37'),(62,36,59,'Aut delectus adipisci omnis tenetur pariatur sint sequi. Sit deleniti in libero. Dolores quis eaque nihil eligendi itaque occaecati totam. Atque atque vel blanditiis et.',0,1,'2020-03-12 03:54:08'),(63,66,9,'Distinctio ut molestiae quia similique architecto et. Est reiciendis magni praesentium. Eum qui architecto ipsa aut.',1,0,'2019-12-14 00:46:36'),(64,31,25,'Fugiat laborum nihil beatae. Dolor suscipit est et assumenda error. Sed asperiores quia sint nihil. Et ut ut voluptatem.',0,1,'2019-09-14 16:52:12'),(65,53,60,'Et maxime magnam minus sunt. Numquam maiores quo saepe molestiae quia. Nesciunt enim odit reprehenderit natus. Praesentium ut rerum possimus dignissimos voluptatem perspiciatis.',0,0,'2020-01-31 04:58:05'),(66,54,59,'Et sed minima quasi reprehenderit quisquam et et. Animi hic praesentium debitis amet. Nemo est aut repudiandae est. Quibusdam numquam excepturi dolores.',0,0,'2019-12-15 03:04:23'),(67,91,2,'Et illo natus repellat officiis expedita omnis. Est tempore neque ut ipsam suscipit ea. Illo cumque facilis doloribus praesentium vel saepe.',0,0,'2019-12-01 06:57:40'),(68,20,71,'Amet deserunt qui quibusdam eaque nihil totam. Asperiores architecto temporibus ex vel. Quia qui laboriosam ex accusantium.',1,0,'2019-04-17 15:49:37'),(69,65,75,'Labore voluptate id nesciunt dolores ipsa. Consequatur et fugit cum neque doloremque. Nihil beatae aut voluptatibus labore. Voluptas aperiam dolorum maiores dolorum consequatur. Culpa est ut quidem.',1,1,'2019-11-22 10:37:58'),(70,55,5,'Autem atque pariatur quae occaecati. Inventore rem sit expedita qui doloremque. Nobis accusamus autem exercitationem id fuga. Quisquam numquam eius consequatur architecto.',1,1,'2019-11-28 21:59:01'),(71,39,11,'Recusandae est eos sed excepturi rerum soluta. Animi provident ipsa est cumque fugit.',0,0,'2019-04-02 12:30:21'),(72,48,45,'Laborum alias consectetur delectus vitae vitae. Libero ab explicabo et. Quibusdam expedita voluptas sit unde commodi error. Itaque repellat doloremque fugit odio tempora.',0,1,'2019-11-16 10:48:11'),(73,15,91,'Quia sunt aut molestias. Quos alias officia et animi dicta omnis quidem fugiat. Nostrum tenetur et consequuntur perspiciatis. Ea velit deserunt non cupiditate possimus autem.',1,0,'2020-03-02 00:44:01'),(74,70,37,'Eum omnis veritatis quia ipsum dolorem. Illo praesentium quis rerum autem. Quis nesciunt nostrum commodi voluptate. Voluptatum qui et possimus ipsa labore.',1,1,'2020-03-25 02:38:28'),(75,82,11,'Non minus quia eos. In dolorem explicabo quod mollitia. Aut dolorem molestiae iusto tempora sapiente. Asperiores vero similique iste voluptatum architecto non facilis.',1,0,'2019-10-21 01:57:29'),(76,31,26,'Praesentium est quo omnis tenetur ipsa porro ad. Id quae esse beatae veritatis non necessitatibus aliquid.',1,1,'2019-12-09 02:16:04'),(77,67,34,'Dolor quasi dolore quia ut qui. Necessitatibus aut beatae voluptatem tempora ex eius voluptates. Minus possimus libero sint. Tempora sunt quidem aliquid nisi.',0,0,'2020-01-13 03:42:49'),(78,13,68,'Quisquam consectetur tempora reprehenderit ut. Est reiciendis qui possimus consequatur.',1,0,'2019-09-21 21:07:05'),(79,38,62,'Qui ipsa minus impedit dolorem voluptatem consequatur tempore. In autem eum aut delectus quia natus. Voluptates aliquid debitis soluta doloribus maxime laudantium.',0,1,'2019-07-29 12:45:13'),(80,88,97,'Rem eveniet enim modi. Aliquid aut sint dolorem non odio. Voluptatem amet dolor veniam aperiam voluptas. Voluptatem tempora dolores earum accusantium.',0,1,'2020-03-06 02:23:11'),(81,64,39,'Necessitatibus odit nostrum provident quibusdam eveniet vero necessitatibus. Voluptas rerum vel et. Odit ut sit dolorum rem unde ad recusandae totam. Ex error aut odio exercitationem.',1,0,'2019-06-13 09:06:58'),(82,56,5,'Quis non vel eos nulla assumenda et ratione. Qui velit laborum sint et et ipsa dolorum. Eum tempora fugit aut eos amet laboriosam iure tempore.',1,0,'2019-08-02 09:20:26'),(83,54,35,'Omnis iusto facilis quia incidunt sint quidem atque. Odit enim et et qui omnis error. Similique tenetur sequi et voluptatibus est eos. Enim dolorem ut veniam ipsa molestias doloribus alias.',0,1,'2019-05-08 17:16:27'),(84,59,3,'Aut deleniti aspernatur omnis et est et id cumque. Odit quia quasi eligendi qui alias. Vitae sequi repellendus corrupti veritatis. Distinctio eius enim eum.',1,0,'2019-12-21 02:32:54'),(85,67,51,'Repellat a sunt facere libero. Laudantium tempora iure vitae eum et autem eveniet fugiat.',1,1,'2019-06-23 01:21:52'),(86,11,43,'Qui sequi possimus et minima ab nemo voluptate. Voluptate quia non molestiae sit et maiores. Quas tempore beatae qui velit aut veniam error rerum.',0,0,'2019-08-29 11:00:59'),(87,21,53,'Vel quis modi earum quia id quam. Sequi at id autem. Id natus hic quia dolores ut vel quae. Deleniti mollitia provident sint nostrum ea voluptatum reprehenderit.',1,0,'2020-01-29 07:39:33'),(88,49,13,'Doloribus eos quia fugiat possimus porro non voluptatem. Voluptas quia voluptates ipsam ut.',1,0,'2019-04-28 20:48:56'),(89,36,47,'Eos aut beatae nemo debitis distinctio ad id sint. Debitis dolorem quod qui delectus velit nobis maxime aut. Optio incidunt nostrum voluptatem dolorem qui eaque rerum. Pariatur corporis neque harum aut saepe.',1,0,'2019-12-12 08:54:12'),(90,99,70,'Magnam ullam omnis tempore dolor blanditiis autem quisquam. Corporis magnam consequatur ullam dignissimos labore. Rem delectus necessitatibus sit et est. Error temporibus id consectetur sed quas nisi.',0,1,'2020-01-07 22:03:29'),(91,83,77,'Nihil iusto porro voluptas placeat at. Est soluta ratione minus voluptatem mollitia in repudiandae veniam. Iure quis cupiditate consequatur quia. Maiores sunt perspiciatis doloremque expedita.',0,1,'2020-02-14 01:02:37'),(92,4,58,'Cum aut dolor optio dolores. Est ratione rerum eos ea accusantium. Et soluta sapiente soluta consequuntur autem vero ducimus. Asperiores et placeat aut nobis adipisci non.',1,1,'2020-01-06 04:24:01'),(93,89,4,'Velit magnam dicta commodi. Sed saepe in eligendi. Aut nesciunt aut consequatur totam ut. Necessitatibus deleniti dignissimos iure enim est.',1,1,'2020-01-02 00:27:19'),(94,10,30,'Et rerum reprehenderit rerum accusamus sapiente nostrum perspiciatis perferendis. Iste aut aut a vel qui. Dignissimos inventore corrupti molestiae est autem assumenda.',0,0,'2019-07-20 10:03:34'),(95,10,46,'Ea ut in vero id et nesciunt. Eius doloremque non et iure. Assumenda consequuntur numquam minima molestiae ratione quia laboriosam.',1,0,'2019-04-28 00:34:08'),(96,56,90,'Laboriosam cumque praesentium atque sed voluptatibus laudantium. Ipsam tempora debitis corporis sit amet laudantium pariatur. Ut sequi modi qui laboriosam et modi.',0,1,'2020-02-29 19:06:07'),(97,35,23,'Nemo numquam pariatur voluptas excepturi error quis nam numquam. Temporibus eveniet cumque quod voluptates. Animi ab quo repudiandae impedit vel ut quidem. Accusamus aut vitae deserunt qui harum aut.',0,0,'2019-11-19 08:57:31'),(98,43,31,'Corrupti ut itaque voluptate consequatur non. Illum eum accusantium voluptatem harum est non eius aut. Eos culpa molestias debitis aut.',0,1,'2019-07-10 08:46:58'),(99,11,33,'Perferendis in repellendus adipisci quisquam voluptatem. Laboriosam molestiae eos deserunt tempore eos dolorum. Doloremque voluptatem doloribus quia. Voluptas aut maiores officiis et sapiente.',1,0,'2019-09-05 09:37:16'),(100,62,6,'Autem autem quis odit error repellat excepturi. Natus tenetur est rerum vero. Beatae consequatur consequuntur eveniet consequatur veritatis.',1,0,'2019-08-03 05:10:41');
/*!40000 ALTER TABLE `messages` ENABLE KEYS */;
UNLOCK TABLES;

--
-- Table structure for table `profiles`
--

DROP TABLE IF EXISTS `profiles`;
/*!40101 SET @saved_cs_client     = @@character_set_client */;
/*!50503 SET character_set_client = utf8mb4 */;
CREATE TABLE `profiles` (
  `user_id` int unsigned NOT NULL,
  `gender` char(1) CHARACTER SET utf8 COLLATE utf8_unicode_ci NOT NULL,
  `birthday` date DEFAULT NULL,
  `city` varchar(100) CHARACTER SET utf8 COLLATE utf8_unicode_ci DEFAULT NULL,
  `country` varchar(100) CHARACTER SET utf8 COLLATE utf8_unicode_ci DEFAULT NULL,
  `photo_id` int unsigned DEFAULT NULL,
  `created_at` datetime DEFAULT CURRENT_TIMESTAMP,
  `updated_at` datetime DEFAULT CURRENT_TIMESTAMP ON UPDATE CURRENT_TIMESTAMP,
  PRIMARY KEY (`user_id`)
) ENGINE=InnoDB DEFAULT CHARSET=utf8 COLLATE=utf8_unicode_ci;
/*!40101 SET character_set_client = @saved_cs_client */;

--
-- Dumping data for table `profiles`
--

LOCK TABLES `profiles` WRITE;
/*!40000 ALTER TABLE `profiles` DISABLE KEYS */;
INSERT INTO `profiles` VALUES (1,'F','1996-09-14','Howardhaven','Nepal',99,'1977-02-01 12:12:48','1946-01-11 21:14:35'),(2,'F','1999-01-12','Kreigerfurt','Saint Martin',99,'1930-10-14 01:24:46','1972-10-01 06:21:00'),(3,'M','2013-05-25','Rafaelview','United Arab Emirates',79,'1997-01-12 06:35:24','1966-08-25 22:24:26'),(4,'M','1986-01-20','South Braeden','Myanmar',1,'1962-04-03 19:21:24','1957-07-28 00:00:40'),(5,'F','1971-09-30','Lake Jeffereystad','Greece',72,'2004-05-03 09:47:21','1987-11-17 13:36:00'),(6,'M','1970-09-16','Russelmouth','Turkey',28,'2014-04-22 03:54:44','2005-11-21 01:13:28'),(7,'F','1996-02-27','Friesenchester','French Polynesia',67,'1939-05-29 14:11:04','1999-02-18 09:30:21'),(8,'M','1999-01-23','Port Ludiechester','Cuba',1,'2019-04-26 04:59:29','1999-01-22 10:09:11'),(9,'F','1985-02-05','North Jerrellland','Congo',4,'1970-11-14 16:39:40','1955-01-01 03:48:09'),(10,'F','1971-08-27','Lake Grahamfurt','Guatemala',34,'2019-10-20 18:45:41','1979-08-29 00:32:45'),(11,'F','1985-04-25','Lake Mylenehaven','Tonga',28,'1963-01-28 15:06:52','1978-09-26 19:02:33'),(12,'M','1996-06-01','Kirlinfort','Kazakhstan',36,'1955-10-02 23:09:07','1969-12-29 23:34:03'),(13,'M','1999-08-09','Vergieport','Kyrgyz Republic',91,'1973-06-01 06:39:57','1971-09-16 04:44:14'),(14,'F','1988-02-10','South Sageside','Monaco',84,'1924-01-23 06:23:53','1927-11-01 10:45:31'),(15,'M','1982-04-22','Ianberg','Germany',70,'1935-09-09 02:36:29','2018-09-10 21:53:13'),(16,'F','2008-05-13','Moenland','Hong Kong',50,'1986-10-21 00:28:45','1978-10-01 08:39:04'),(17,'F','1978-06-18','Darianatown','Portugal',47,'1990-07-18 18:35:45','1927-11-07 21:14:54'),(18,'M','2018-05-13','Swaniawskiville','Luxembourg',76,'1991-08-18 15:38:34','2001-02-03 01:13:41'),(19,'M','2000-06-18','West Patience','Sao Tome and Principe',6,'2016-09-25 19:47:42','1946-11-16 16:23:41'),(20,'M','2008-03-24','Lake Abdiel','Korea',95,'1948-07-15 05:16:28','1955-08-28 01:19:15'),(21,'M','2003-07-26','Walshside','Sudan',27,'1941-03-01 08:08:07','1990-07-07 02:55:42'),(22,'F','1996-05-12','Reichertburgh','Malta',78,'1973-11-03 20:28:11','1986-10-28 03:21:11'),(23,'F','1996-02-15','Lake Peggieberg','Cuba',80,'1974-03-04 22:57:00','1920-09-27 13:14:09'),(24,'F','2005-12-23','Johnsonfort','French Southern Territories',51,'1981-09-12 18:12:52','1943-11-08 16:27:14'),(25,'M','2007-12-17','Port Zackery','Saint Lucia',95,'1992-05-25 06:48:42','1973-12-19 04:42:47'),(26,'M','1994-04-10','South Evanville','Sao Tome and Principe',86,'2019-11-24 03:26:27','1972-10-13 15:30:15'),(27,'M','2012-04-21','Altenwerthview','Brazil',8,'2007-11-28 11:42:25','1946-04-03 04:32:55'),(28,'M','2007-03-18','West Rafaela','Finland',59,'1926-10-26 01:58:29','1997-02-12 16:43:15'),(29,'F','1988-10-24','Lake Brook','Italy',2,'1997-09-18 13:54:58','1947-12-03 09:54:33'),(30,'F','1990-03-27','North Alexanefort','Monaco',69,'1976-08-11 01:05:56','1971-02-17 04:08:36'),(31,'F','1986-01-31','Johnathonberg','Timor-Leste',93,'1952-05-28 18:23:09','1988-03-23 20:18:03'),(32,'M','1973-12-02','Lake Abbeyfurt','Anguilla',4,'1954-06-27 03:17:07','1934-01-03 03:58:00'),(33,'F','2014-09-01','McGlynnland','Honduras',23,'1923-09-04 07:12:54','1980-04-14 11:50:46'),(34,'M','1995-08-15','Jazlynhaven','Guadeloupe',5,'2012-06-19 07:30:16','1932-05-21 04:02:48'),(35,'F','1983-03-05','Coleton','Haiti',54,'1962-12-23 16:31:11','2017-09-26 19:14:06'),(36,'M','2002-04-23','South Roderick','Puerto Rico',3,'1963-10-01 11:51:31','1998-01-15 21:35:26'),(37,'F','1985-08-25','Hilpertton','Albania',54,'1992-03-02 12:24:43','1934-10-25 16:18:12'),(38,'M','1997-11-10','North Stephany','Myanmar',85,'2009-09-18 00:28:52','1936-05-14 00:04:03'),(39,'F','1971-01-27','Howeborough','Cambodia',98,'2012-07-22 08:48:46','2013-05-06 04:36:38'),(40,'F','2003-09-11','Jamisonmouth','South Africa',33,'1996-05-07 18:11:33','2002-03-16 17:36:48'),(41,'F','2017-10-06','South Sarah','Saint Vincent and the Grenadines',46,'1946-12-05 12:08:09','1994-05-27 02:56:12'),(42,'M','2003-12-16','North Claudia','Jersey',54,'1990-02-05 08:51:48','1969-12-23 20:51:46'),(43,'M','2003-03-16','New Dudley','Mali',70,'2014-01-11 17:17:12','1996-10-27 18:15:13'),(44,'M','1991-02-21','West Gerhard','Kazakhstan',76,'1986-07-31 01:23:04','1967-08-13 23:04:48'),(45,'F','1990-07-17','Sylviaport','South Africa',2,'2007-03-24 02:44:56','1952-09-18 02:30:15'),(46,'M','1995-10-12','Moenburgh','Bhutan',85,'1998-01-23 09:22:32','1986-12-31 22:53:05'),(47,'F','1995-02-22','Borerfort','Libyan Arab Jamahiriya',93,'1922-02-01 19:14:16','1955-10-16 20:47:09'),(48,'M','2017-09-28','Port Anthonyton','Portugal',24,'2005-01-05 23:38:39','1922-01-14 17:03:04'),(49,'F','1970-09-16','East Danny','Guinea-Bissau',41,'1932-06-28 11:18:32','1976-12-26 12:51:37'),(50,'F','2010-05-30','North Kyle','Albania',41,'1956-04-25 21:04:09','1963-08-22 07:56:19'),(51,'F','2003-06-20','North Dianna','Bulgaria',88,'1932-12-05 01:29:58','2016-06-12 14:58:07'),(52,'M','2015-07-20','Hansenstad','Slovakia (Slovak Republic)',34,'1932-04-18 04:37:31','1936-02-16 17:44:20'),(53,'M','1973-07-21','South Oceane','Mauritius',14,'1970-04-23 14:36:22','1961-05-11 13:45:24'),(54,'F','2004-07-14','West Martinchester','Ukraine',87,'1951-06-03 08:25:52','1933-02-17 03:35:18'),(55,'M','2001-05-07','Schadenhaven','Solomon Islands',81,'1982-07-15 21:04:23','1928-11-07 03:27:57'),(56,'M','1985-01-21','Pfannerstillport','Zimbabwe',78,'2015-02-13 16:52:58','1990-06-15 17:03:54'),(57,'M','2013-07-14','East Verdie','Trinidad and Tobago',23,'1997-02-05 04:57:43','1998-04-13 23:29:05'),(58,'M','1985-08-03','McLaughlinbury','Heard Island and McDonald Islands',78,'2003-03-19 09:26:57','1996-10-10 01:17:24'),(59,'F','2008-08-22','East Titoton','Swaziland',14,'1970-05-17 09:05:10','1967-10-25 06:31:48'),(60,'F','1986-03-14','Lake Beulah','Lao People\'s Democratic Republic',2,'1925-11-10 08:57:00','1961-06-02 04:24:15'),(61,'F','2004-07-03','Port Marie','Switzerland',47,'1972-07-18 21:06:48','1923-06-07 22:39:42'),(62,'M','2018-11-13','New Alexane','Russian Federation',82,'2007-09-14 14:24:51','2019-10-01 14:38:36'),(63,'M','1980-04-02','Schneiderchester','Ghana',28,'1979-09-30 16:24:31','2003-07-10 09:22:42'),(64,'M','1977-01-13','New Christa','American Samoa',7,'1978-05-17 03:24:50','1930-10-25 18:22:44'),(65,'M','1994-05-31','Simonehaven','United States of America',52,'2001-05-05 21:32:48','2006-04-04 23:08:57'),(66,'F','1996-08-06','Elsestad','Saint Martin',39,'1947-04-11 00:38:32','2002-06-09 13:19:51'),(67,'F','2001-10-08','Lake Ryder','Trinidad and Tobago',85,'1943-04-10 16:02:08','1941-06-05 00:54:05'),(68,'M','2011-08-25','West Oren','Botswana',67,'1993-03-27 08:22:09','1982-08-06 03:53:48'),(69,'F','1987-04-12','Keonshire','Syrian Arab Republic',55,'1942-04-03 05:01:50','1945-12-08 14:23:11'),(70,'F','1978-05-16','East Jeremiemouth','Serbia',95,'1946-09-22 11:14:58','1990-09-24 23:05:28'),(71,'F','1986-04-29','Forestborough','Romania',23,'1946-04-10 12:24:48','2015-12-05 08:25:31'),(72,'F','1970-05-06','Port Ottis','Moldova',6,'1984-08-06 14:58:53','1975-11-05 06:34:44'),(73,'F','1970-11-17','Fernandoside','Bolivia',91,'1957-12-17 04:45:50','1938-05-27 10:33:55'),(74,'F','2004-10-08','West Bonnieberg','Nauru',83,'1988-12-24 02:33:44','1964-03-31 05:25:24'),(75,'F','2005-11-05','Kieraview','Austria',80,'1936-11-25 10:46:58','1956-12-29 15:00:45'),(76,'F','1984-08-17','Trentville','Ireland',81,'1933-02-10 04:27:57','1938-04-04 13:34:07'),(77,'M','1977-07-22','West Jackson','Kazakhstan',5,'1962-09-23 13:10:44','2016-02-12 03:26:58'),(78,'M','1971-03-13','Cyrusmouth','Cape Verde',20,'1989-04-21 17:07:29','1942-12-12 11:47:27'),(79,'M','2016-11-07','West Jodie','Cook Islands',34,'1955-03-28 01:11:18','1924-01-27 11:34:27'),(80,'F','1988-05-29','East Robyntown','Sudan',59,'1927-11-12 00:27:52','1970-01-28 11:52:00'),(81,'M','1990-08-26','South Kipview','Somalia',22,'1927-02-04 06:59:11','1978-12-30 10:43:12'),(82,'F','2003-11-30','South Carolhaven','Estonia',31,'1950-12-25 04:07:12','1986-05-13 03:40:07'),(83,'F','2006-08-06','Erlingland','Grenada',66,'1987-10-06 01:40:43','1921-12-31 20:03:08'),(84,'F','2003-05-29','Ignaciofurt','South Africa',67,'1979-11-12 05:31:03','1942-01-20 08:16:18'),(85,'M','2014-06-06','East Tamia','Costa Rica',40,'2000-04-26 02:30:57','2010-12-31 04:47:51'),(86,'M','1999-10-08','Gayleton','Marshall Islands',60,'1920-08-18 22:51:37','1957-04-21 13:34:23'),(87,'M','2006-06-19','North Mortimerside','Haiti',2,'1956-10-20 23:40:47','1950-11-11 08:41:16'),(88,'F','1994-09-04','Danielaborough','Venezuela',66,'1921-12-30 01:05:56','2003-06-16 14:31:51'),(89,'M','1978-07-14','North Connerchester','Cyprus',91,'1978-08-26 03:34:44','1945-06-04 06:12:13'),(90,'F','1994-07-07','Janeville','Bahamas',20,'2012-02-19 08:49:31','1954-09-04 21:26:18'),(91,'F','1992-08-20','North Madilynchester','Ireland',5,'1947-01-11 17:27:52','2018-04-23 09:08:14'),(92,'M','2004-12-31','South Corrineville','Northern Mariana Islands',100,'2018-12-28 16:19:40','1947-03-26 11:11:08'),(93,'F','1982-09-15','Greenborough','Slovakia (Slovak Republic)',83,'1962-08-07 03:58:59','1991-11-15 10:53:08'),(94,'M','2013-09-28','West Clintton','Vietnam',84,'1951-06-25 14:38:20','1978-06-04 12:32:33'),(95,'M','2009-04-15','Gibsonchester','New Zealand',74,'1989-12-06 01:37:10','1977-03-03 19:17:55'),(96,'F','2005-06-13','Schoenborough','Gambia',54,'1998-03-21 15:06:43','1931-07-25 08:48:14'),(97,'M','2006-05-25','Swaniawskichester','Austria',60,'1996-04-30 20:50:35','1970-09-27 08:51:36'),(98,'M','1996-07-21','North Claudberg','Portugal',30,'1946-12-03 00:32:54','1958-07-13 11:44:23'),(99,'F','1972-04-25','South Griffin','Bolivia',3,'2017-11-10 07:40:19','1960-03-16 09:39:23'),(100,'F','2006-09-11','North Guillermo','United States of America',32,'2019-12-07 01:05:30','1921-03-19 06:15:45');
/*!40000 ALTER TABLE `profiles` ENABLE KEYS */;
UNLOCK TABLES;

--
-- Table structure for table `users`
--

DROP TABLE IF EXISTS `users`;
/*!40101 SET @saved_cs_client     = @@character_set_client */;
/*!50503 SET character_set_client = utf8mb4 */;
CREATE TABLE `users` (
  `id` int unsigned NOT NULL AUTO_INCREMENT,
  `first_name` varchar(100) CHARACTER SET utf8 COLLATE utf8_unicode_ci NOT NULL,
  `last_name` varchar(100) CHARACTER SET utf8 COLLATE utf8_unicode_ci NOT NULL,
  `email` varchar(120) CHARACTER SET utf8 COLLATE utf8_unicode_ci NOT NULL,
  `phone` varchar(10) CHARACTER SET utf8 COLLATE utf8_unicode_ci NOT NULL,
  `created_at` datetime DEFAULT CURRENT_TIMESTAMP,
  `updated_at` datetime DEFAULT CURRENT_TIMESTAMP ON UPDATE CURRENT_TIMESTAMP,
  PRIMARY KEY (`id`),
  UNIQUE KEY `email` (`email`),
  UNIQUE KEY `phone` (`phone`)
) ENGINE=InnoDB AUTO_INCREMENT=101 DEFAULT CHARSET=utf8 COLLATE=utf8_unicode_ci;
/*!40101 SET character_set_client = @saved_cs_client */;

--
-- Dumping data for table `users`
--

LOCK TABLES `users` WRITE;
/*!40000 ALTER TABLE `users` DISABLE KEYS */;
INSERT INTO `users` VALUES (1,'Alexys','Rippin','pbuckridge@example.org','0294163387','1992-06-30 20:53:39','2015-07-21 00:17:29'),(2,'Monroe','Wehner','senger.eldridge@example.net','636.288.71','1989-09-20 17:53:40','1981-12-05 07:19:15'),(3,'Jarred','Bednar','jeramie.hilll@example.com','960.981.30','1966-03-08 05:47:43','1946-09-16 11:48:03'),(4,'Wilhelm','Huel','lindsey13@example.org','606.533.12','1982-09-23 23:27:35','1966-01-08 04:28:56'),(5,'Lynn','Pacocha','macejkovic.georgette@example.com','+35(0)5185','1964-10-21 21:20:47','1983-07-31 03:22:00'),(6,'Melany','Hilpert','cerdman@example.org','0078199742','1991-03-16 06:15:50','2017-01-27 23:47:36'),(7,'Lewis','Mitchell','roob.sandy@example.org','296.773.51','1961-03-05 14:39:55','1994-08-03 04:41:30'),(8,'Carmelo','Emard','alind@example.net','291-759-51','1969-06-11 03:27:33','1971-08-29 07:11:59'),(9,'Clemmie','Bogan','nnienow@example.com','+88(5)2129','1976-10-29 17:40:01','1958-11-09 02:59:42'),(10,'Nash','O\'Hara','jarred.roob@example.net','278.686.59','1975-10-28 00:02:52','1957-09-22 07:16:43'),(11,'Marcelino','Bednar','shields.chaya@example.com','(773)035-0','1966-11-02 12:24:15','1978-05-31 08:02:31'),(12,'Ella','Crist','kavon.marvin@example.com','687.487.57','2014-12-04 01:05:42','1988-03-10 10:30:12'),(13,'Anita','Kutch','ara28@example.com','1-688-866-','1953-03-06 03:33:31','1920-08-28 17:56:20'),(14,'Ashleigh','Hane','littel.wallace@example.com','(111)305-0','1981-12-03 13:05:01','1934-08-10 15:58:48'),(15,'Jaren','Berge','runolfsson.birdie@example.com','172.430.82','1934-04-20 17:46:17','2009-06-02 10:18:50'),(16,'Ubaldo','Effertz','hassie72@example.org','093.747.81','2013-10-06 09:00:51','2006-04-15 05:57:43'),(17,'Kari','Glover','kuhlman.dixie@example.com','(579)310-7','2015-03-31 03:13:47','2005-11-23 18:12:01'),(18,'Hester','Brakus','mosciski.ashlynn@example.net','1-081-932-','2010-11-14 15:16:18','1944-05-02 05:15:45'),(19,'Bruce','Feeney','caterina83@example.org','918.851.54','1986-12-28 11:30:29','1980-01-21 09:06:17'),(20,'Koby','Harris','yheaney@example.net','406.423.27','1993-06-15 21:55:17','1921-01-10 03:05:55'),(21,'Junior','Kshlerin','kaci11@example.net','1-135-101-','2018-01-12 00:21:54','1985-03-09 21:19:51'),(22,'Keven','Berge','mercedes30@example.net','(554)684-5','2010-05-28 19:04:14','1926-02-12 05:09:20'),(23,'Dewayne','Bartell','jcollier@example.org','(317)780-0','2004-05-22 05:48:34','1979-09-25 18:45:53'),(24,'Jerrod','Lueilwitz','tillman.lura@example.net','064-067-79','2002-01-06 07:54:07','2000-12-30 02:45:09'),(25,'Francisca','Spencer','mclaughlin.winfield@example.com','+78(8)0920','1966-04-29 19:45:08','2006-09-29 16:53:07'),(26,'Mabelle','Keebler','favian.schowalter@example.org','(251)847-3','1972-01-18 15:30:52','1949-05-15 03:27:28'),(27,'Priscilla','Balistreri','devante97@example.org','640.609.83','1923-07-07 09:38:31','1964-05-17 00:34:31'),(28,'Maci','Moore','joaquin.murazik@example.net','1-282-304-','1951-10-18 08:20:59','1959-06-27 20:29:46'),(29,'Samara','Runolfsson','rmohr@example.net','668.287.51','1964-05-25 12:20:25','1950-04-28 03:24:20'),(30,'Vaughn','Yost','ondricka.zelma@example.net','+93(8)3841','1932-07-26 06:09:59','1943-06-09 01:01:07'),(31,'Tania','Boehm','ullrich.june@example.net','0598527147','1989-07-28 01:15:50','1974-07-01 06:24:20'),(32,'Gerard','Denesik','kbruen@example.com','925-611-04','2014-02-18 06:37:58','1949-01-02 23:20:01'),(33,'Callie','White','garnet.muller@example.net','1-708-462-','1956-12-30 02:04:10','1995-09-17 08:08:00'),(34,'Edmond','Kovacek','lindgren.jarvis@example.com','870-705-14','2014-04-15 14:56:24','1962-08-18 11:51:06'),(35,'Carmine','Stroman','pfannerstill.karolann@example.net','276-752-53','1998-04-18 02:45:40','1998-06-24 04:18:33'),(36,'Hermann','Nienow','hhowe@example.org','596.872.07','1923-05-04 19:06:52','1923-10-09 15:40:21'),(37,'Annabel','Lueilwitz','emmerich.retta@example.net','(272)511-7','2020-02-04 01:46:21','1943-10-21 19:16:28'),(38,'Frank','Ryan','leopold84@example.com','+50(3)1956','1968-08-20 03:51:30','2008-08-26 22:10:56'),(39,'Talia','Kovacek','ryder.tillman@example.org','038.783.97','1991-10-03 15:06:29','2020-02-16 13:19:25'),(40,'Candice','Dickinson','gayle09@example.com','(473)557-9','1969-06-19 23:58:21','1981-07-20 01:28:42'),(41,'Karianne','Quitzon','zetta33@example.net','(430)509-8','1997-04-28 09:36:28','1949-04-04 14:20:07'),(42,'Brigitte','Hane','dayne72@example.net','653.700.73','1945-04-23 06:39:30','2017-09-21 02:17:44'),(43,'Clemmie','Schoen','mills.nickolas@example.net','+23(3)0805','1971-02-02 20:20:40','2007-06-16 01:39:09'),(44,'Harrison','Hamill','dayna.stroman@example.com','928.395.88','2005-11-11 06:38:40','1989-07-22 01:08:21'),(45,'Schuyler','Blick','vhills@example.com','+29(4)9722','1982-05-15 03:07:51','1924-07-14 14:22:54'),(46,'Catherine','Adams','predovic.domenic@example.com','0994584089','2012-12-20 01:12:29','1921-05-14 14:39:05'),(47,'Darien','Wisoky','dooley.moshe@example.com','1-825-040-','2018-05-19 05:41:00','1938-07-16 04:21:27'),(48,'Loy','Champlin','eleonore18@example.org','0264366500','1930-01-20 07:50:16','1986-10-19 08:45:20'),(49,'Mckenna','Wiegand','dorothy.crooks@example.com','104-039-66','1927-11-25 06:12:22','2011-05-13 11:04:33'),(50,'Marvin','Torphy','dfahey@example.org','(229)969-5','1959-11-24 21:25:17','1970-04-23 13:53:44'),(51,'Hester','Cronin','tromp.elvie@example.org','1-506-070-','1999-01-05 16:46:33','1985-09-22 15:00:34'),(52,'Rosalinda','Senger','ksporer@example.net','(216)032-1','1954-01-15 06:13:20','1985-11-03 13:39:27'),(53,'Art','Lesch','dane11@example.net','(805)011-9','1970-04-16 21:46:34','1952-07-28 19:05:54'),(54,'Irwin','McLaughlin','pbarton@example.net','942.250.42','1990-11-07 05:53:10','1982-06-01 05:45:43'),(55,'Marco','Koelpin','kunze.max@example.com','272.295.97','1930-01-24 07:06:10','1932-10-09 04:03:45'),(56,'Maxie','Donnelly','phuels@example.com','1-995-043-','2018-08-13 16:10:53','1980-12-03 11:18:46'),(57,'Payton','Hahn','arjun.zulauf@example.net','1-928-309-','1986-07-24 05:22:53','1966-07-06 13:12:02'),(58,'Addie','Lehner','lleffler@example.net','(703)517-6','1935-12-27 23:47:26','1933-08-26 09:15:21'),(59,'Helga','Wintheiser','wquitzon@example.net','(556)160-4','1939-01-18 08:19:51','1952-11-15 16:03:51'),(60,'Valentina','Wolf','o\'keefe.aubree@example.net','186.447.79','1937-11-28 10:20:57','2006-09-01 19:42:23'),(61,'Arnold','Schimmel','uwisoky@example.com','484.238.30','1977-06-11 06:35:56','1993-09-16 15:30:43'),(62,'Omari','Wehner','lulu.dooley@example.com','648-990-48','1975-09-25 13:04:36','1922-01-11 07:30:23'),(63,'Hortense','Murray','dooley.katarina@example.com','0153556657','1987-07-09 21:40:47','2015-12-11 12:55:32'),(64,'Idell','Stark','alfreda03@example.net','(767)258-8','1974-05-12 04:17:38','1957-04-25 23:43:29'),(65,'Lionel','Muller','fritsch.nicolas@example.net','804.484.96','1960-10-06 07:48:41','2015-08-02 17:22:56'),(66,'Agustin','Morissette','justus67@example.org','(557)793-3','1946-02-27 20:42:52','2013-05-16 03:40:24'),(67,'Stuart','Kessler','akuvalis@example.org','0279097681','1940-09-05 04:32:03','1964-07-14 13:37:32'),(68,'Consuelo','Schoen','raymundo.dickens@example.net','(517)929-1','1959-11-01 12:36:55','1935-03-21 18:49:15'),(69,'Carmela','Pacocha','zmoen@example.org','(615)560-2','2005-10-29 05:53:07','2010-03-02 04:10:31'),(70,'Zion','Ward','mgoodwin@example.org','337.359.87','1959-05-20 00:16:49','2010-12-19 17:22:59'),(71,'Cory','Koss','gbernier@example.com','894-973-93','2013-09-04 15:33:05','1970-11-26 12:32:03'),(72,'Alicia','Kuvalis','dallas.stroman@example.org','1-160-734-','1957-11-19 16:28:20','1994-12-21 23:58:59'),(73,'Albertha','Gorczany','vilma.kutch@example.com','083.859.23','2000-09-13 03:03:40','1974-02-18 23:08:14'),(74,'Edwin','Nader','jordyn.brown@example.net','(586)860-7','1955-01-22 18:42:49','1926-09-05 19:49:25'),(75,'Emmie','Hills','mcglynn.addison@example.com','640-567-42','1986-04-30 02:01:02','1997-07-11 16:15:43'),(76,'Elinore','Hagenes','kacey05@example.org','073-786-60','1958-10-13 13:32:17','1960-05-11 16:05:12'),(77,'Eriberto','Eichmann','eldridge.krajcik@example.com','658.858.95','2011-04-04 19:07:39','1967-06-24 05:00:36'),(78,'Montana','Huel','ymaggio@example.com','795-878-78','1977-04-30 12:49:24','2015-06-07 06:04:06'),(79,'Cathrine','Quigley','isabel.howell@example.org','602-188-79','2008-04-14 09:18:29','1994-03-03 00:43:02'),(80,'Dessie','Kuhlman','lo\'connell@example.org','(769)777-4','2020-02-27 12:22:59','1942-04-25 23:08:45'),(81,'Eloy','Koss','molly62@example.com','019-167-91','1988-11-19 19:30:07','1997-05-05 03:21:13'),(82,'Haleigh','Carroll','o\'conner.saige@example.net','(763)723-7','1925-08-17 07:20:34','1952-07-01 20:16:48'),(83,'Richmond','Vandervort','champlin.andres@example.com','1-441-258-','1950-02-26 06:35:09','2013-03-25 12:30:49'),(84,'Mack','Walker','fernando30@example.com','(542)877-0','2006-04-05 21:16:52','1968-07-19 01:52:21'),(85,'Kelly','Koelpin','tyree.kunde@example.com','1-996-068-','1942-06-23 16:01:04','1949-08-01 21:52:51'),(86,'Polly','Collier','tboehm@example.net','1-682-564-','1933-08-17 04:41:23','1985-05-16 11:06:58'),(87,'Cristina','Bartoletti','hdare@example.org','1-907-167-','1928-10-17 03:31:02','1958-02-08 13:45:58'),(88,'Rita','Lang','qraynor@example.net','1-368-873-','1946-08-25 18:57:33','2005-03-22 04:24:24'),(89,'Jada','Kreiger','cordia.howell@example.org','+67(3)6140','1932-10-04 22:35:41','1957-12-07 21:12:06'),(90,'Ignacio','Hermann','upton.bernice@example.org','009-664-38','1968-08-03 17:27:34','1945-12-05 09:51:39'),(91,'Isobel','Swift','vgreenfelder@example.com','982-859-16','1972-07-25 15:07:34','1934-06-01 09:32:49'),(92,'Vena','Jast','weissnat.jennings@example.org','(193)408-9','1966-01-17 12:15:53','1961-01-11 19:59:46'),(93,'Thalia','Dietrich','lucio.zieme@example.com','450-867-95','1982-04-22 07:32:18','1987-10-26 00:55:32'),(94,'Katrine','Schiller','runolfsson.angus@example.com','287.599.36','2006-03-13 02:56:52','2007-01-20 13:10:21'),(95,'Ivory','Reichert','hailey99@example.org','1-733-314-','1940-10-27 16:20:42','2018-12-31 07:36:18'),(96,'Ike','Kertzmann','gottlieb.garett@example.net','972.114.53','2012-07-18 10:29:59','2016-02-12 21:05:47'),(97,'Colten','Crona','lexus.welch@example.org','1-019-098-','1971-12-23 22:11:42','1999-07-10 10:11:34'),(98,'Newton','Little','carroll.israel@example.org','(948)110-6','2013-03-15 09:13:16','2017-08-12 04:05:18'),(99,'Rodolfo','Dare','mathias50@example.com','0367753076','1953-07-05 16:58:10','2013-03-01 07:18:28'),(100,'Emmitt','Franecki','dickinson.jefferey@example.net','(319)554-2','1930-09-17 04:15:18','1963-10-08 18:27:55');
/*!40000 ALTER TABLE `users` ENABLE KEYS */;
UNLOCK TABLES;
/*!40103 SET TIME_ZONE=@OLD_TIME_ZONE */;

/*!40101 SET SQL_MODE=@OLD_SQL_MODE */;
/*!40014 SET FOREIGN_KEY_CHECKS=@OLD_FOREIGN_KEY_CHECKS */;
/*!40014 SET UNIQUE_CHECKS=@OLD_UNIQUE_CHECKS */;
/*!40101 SET CHARACTER_SET_CLIENT=@OLD_CHARACTER_SET_CLIENT */;
/*!40101 SET CHARACTER_SET_RESULTS=@OLD_CHARACTER_SET_RESULTS */;
/*!40101 SET COLLATION_CONNECTION=@OLD_COLLATION_CONNECTION */;
/*!40111 SET SQL_NOTES=@OLD_SQL_NOTES */;

-- Dump completed on 2020-03-31  0:19:59
