-- MySQL dump 10.13  Distrib 8.0.19, for Linux (x86_64)
--
-- Host: localhost    Database: vk
-- ------------------------------------------------------
-- Server version	8.0.19

/*!40101 SET @OLD_CHARACTER_SET_CLIENT=@@CHARACTER_SET_CLIENT */;
/*!40101 SET @OLD_CHARACTER_SET_RESULTS=@@CHARACTER_SET_RESULTS */;
/*!40101 SET @OLD_COLLATION_CONNECTION=@@COLLATION_CONNECTION */;
/*!50503 SET NAMES utf8mb4 */;
/*!40103 SET @OLD_TIME_ZONE=@@TIME_ZONE */;
/*!40103 SET TIME_ZONE='+00:00' */;
/*!40014 SET @OLD_UNIQUE_CHECKS=@@UNIQUE_CHECKS, UNIQUE_CHECKS=0 */;
/*!40014 SET @OLD_FOREIGN_KEY_CHECKS=@@FOREIGN_KEY_CHECKS, FOREIGN_KEY_CHECKS=0 */;
/*!40101 SET @OLD_SQL_MODE=@@SQL_MODE, SQL_MODE='NO_AUTO_VALUE_ON_ZERO' */;
/*!40111 SET @OLD_SQL_NOTES=@@SQL_NOTES, SQL_NOTES=0 */;

--
-- Table structure for table `communities`
--

DROP TABLE IF EXISTS `communities`;
/*!40101 SET @saved_cs_client     = @@character_set_client */;
/*!50503 SET character_set_client = utf8mb4 */;
CREATE TABLE `communities` (
  `id` int unsigned NOT NULL AUTO_INCREMENT,
  `name` varchar(150) CHARACTER SET utf8 COLLATE utf8_unicode_ci NOT NULL,
  PRIMARY KEY (`id`),
  UNIQUE KEY `name` (`name`)
) ENGINE=InnoDB AUTO_INCREMENT=101 DEFAULT CHARSET=utf8 COLLATE=utf8_unicode_ci;
/*!40101 SET character_set_client = @saved_cs_client */;

--
-- Dumping data for table `communities`
--

LOCK TABLES `communities` WRITE;
/*!40000 ALTER TABLE `communities` DISABLE KEYS */;
INSERT INTO `communities` VALUES (4,'animi'),(5,'esse'),(3,'est'),(14,'et'),(18,'eum'),(16,'expedita'),(10,'id'),(13,'labore'),(17,'neque'),(15,'nisi'),(9,'odit'),(20,'qui'),(7,'quo'),(2,'quod'),(6,'sunt'),(19,'tenetur'),(11,'vel'),(12,'veniam'),(1,'voluptas'),(8,'voluptate');
/*!40000 ALTER TABLE `communities` ENABLE KEYS */;
UNLOCK TABLES;

--
-- Table structure for table `communities_users`
--

DROP TABLE IF EXISTS `communities_users`;
/*!40101 SET @saved_cs_client     = @@character_set_client */;
/*!50503 SET character_set_client = utf8mb4 */;
CREATE TABLE `communities_users` (
  `community_id` int unsigned NOT NULL,
  `user_id` int unsigned NOT NULL,
  PRIMARY KEY (`community_id`,`user_id`),
  KEY `communities_user_id_fk` (`user_id`),
  CONSTRAINT `communities_user_id_fk` FOREIGN KEY (`user_id`) REFERENCES `users` (`id`) ON DELETE CASCADE,
  CONSTRAINT `community_id_fk` FOREIGN KEY (`community_id`) REFERENCES `communities` (`id`) ON DELETE CASCADE
) ENGINE=InnoDB DEFAULT CHARSET=utf8 COLLATE=utf8_unicode_ci;
/*!40101 SET character_set_client = @saved_cs_client */;

--
-- Dumping data for table `communities_users`
--

LOCK TABLES `communities_users` WRITE;
/*!40000 ALTER TABLE `communities_users` DISABLE KEYS */;
INSERT INTO `communities_users` VALUES (7,1),(14,2),(3,3),(16,4),(9,5),(2,6),(12,7),(11,8),(15,9),(16,10),(1,11),(19,12),(8,13),(15,14),(9,15),(6,16),(20,17),(6,18),(6,19),(1,20),(17,21),(8,22),(13,23),(6,24),(9,25),(14,26),(5,27),(4,28),(10,29),(10,30),(1,31),(12,32),(13,33),(9,34),(4,35),(2,36),(15,37),(10,38),(12,39),(6,40),(3,41),(19,42),(2,43),(2,44),(9,45),(19,46),(11,47),(13,48),(17,49),(13,50),(13,51),(20,52),(6,53),(14,54),(13,55),(18,56),(8,57),(5,58),(6,59),(20,60),(17,61),(3,62),(10,63),(9,64),(12,65),(17,66),(2,67),(14,68),(6,69),(18,70),(7,71),(10,72),(18,73),(14,74),(14,75),(20,76),(20,77),(2,78),(3,79),(2,80),(16,81),(14,82),(20,83),(9,84),(19,85),(18,86),(9,87),(3,88),(1,89),(12,90),(5,91),(11,92),(11,93),(19,94),(4,95),(15,96),(1,97),(13,98),(1,99),(2,100);
/*!40000 ALTER TABLE `communities_users` ENABLE KEYS */;
UNLOCK TABLES;

--
-- Table structure for table `friendship`
--

DROP TABLE IF EXISTS `friendship`;
/*!40101 SET @saved_cs_client     = @@character_set_client */;
/*!50503 SET character_set_client = utf8mb4 */;
CREATE TABLE `friendship` (
  `user_id` int unsigned NOT NULL,
  `friend_id` int unsigned NOT NULL,
  `status_id` int unsigned NOT NULL,
  `requested_at` datetime DEFAULT CURRENT_TIMESTAMP,
  `confirmed_at` datetime DEFAULT NULL,
  PRIMARY KEY (`user_id`,`friend_id`),
  KEY `friendship_friend_id_fk` (`friend_id`),
  KEY `friendship_status_id_fk` (`status_id`),
  CONSTRAINT `friendship_friend_id_fk` FOREIGN KEY (`friend_id`) REFERENCES `users` (`id`) ON DELETE CASCADE,
  CONSTRAINT `friendship_status_id_fk` FOREIGN KEY (`status_id`) REFERENCES `friendship_statuses` (`id`),
  CONSTRAINT `friendship_user_id_fk` FOREIGN KEY (`user_id`) REFERENCES `users` (`id`) ON DELETE CASCADE
) ENGINE=InnoDB DEFAULT CHARSET=utf8 COLLATE=utf8_unicode_ci;
/*!40101 SET character_set_client = @saved_cs_client */;

--
-- Dumping data for table `friendship`
--

LOCK TABLES `friendship` WRITE;
/*!40000 ALTER TABLE `friendship` DISABLE KEYS */;
INSERT INTO `friendship` VALUES (3,56,3,'2019-12-22 09:58:43','2020-04-03 02:05:50'),(4,49,2,'2019-06-10 16:23:59','2019-12-24 07:20:47'),(5,28,3,'2019-08-01 06:46:30','2019-10-30 17:53:34'),(5,46,1,'2019-09-07 16:37:33','2020-02-27 10:08:19'),(7,6,1,'2019-07-01 16:26:06','2020-02-11 02:19:42'),(7,18,3,'2019-07-08 14:24:56','2020-03-25 18:28:01'),(7,68,1,'2019-06-23 18:25:08','2019-10-31 23:36:17'),(7,100,2,'2019-09-28 20:58:57','2020-04-03 02:05:50'),(9,43,2,'2019-10-04 04:13:41','2020-04-03 02:05:50'),(10,60,2,'2019-05-10 10:55:58','2020-01-25 02:24:44'),(12,55,2,'2020-02-24 05:39:05','2020-04-03 02:05:50'),(12,68,2,'2019-06-06 19:12:10','2019-11-04 19:44:41'),(13,5,1,'2020-01-23 06:30:49','2020-04-03 02:05:50'),(14,57,3,'2019-06-20 04:41:06','2019-12-18 15:25:41'),(15,34,3,'2019-03-31 13:09:30','2019-05-09 18:01:05'),(15,51,1,'2019-10-27 05:50:39','2020-04-03 02:05:50'),(16,7,3,'2019-11-12 07:00:55','2020-04-03 02:05:50'),(17,6,2,'2020-02-16 13:41:11','2020-04-03 02:05:50'),(17,33,1,'2020-03-27 10:35:21','2020-04-03 02:05:50'),(17,64,2,'2019-06-23 09:06:57','2019-09-13 02:07:41'),(19,57,3,'2019-11-14 05:18:57','2020-04-03 02:05:50'),(20,84,2,'2019-04-11 08:20:48','2019-11-18 13:45:59'),(21,56,3,'2020-02-10 08:03:12','2020-04-03 02:05:50'),(22,97,1,'2019-04-28 21:18:55','2019-07-03 21:48:49'),(24,14,2,'2020-03-28 11:33:28','2020-04-03 02:05:50'),(24,89,2,'2019-10-03 08:35:22','2020-04-03 02:05:50'),(25,79,3,'2019-10-10 13:51:58','2020-01-14 22:27:01'),(25,86,2,'2019-05-17 02:04:06','2020-04-03 02:05:50'),(26,58,2,'2019-11-16 06:38:46','2020-04-03 02:05:50'),(26,74,2,'2020-01-31 15:39:40','2020-04-03 02:05:50'),(27,68,3,'2019-12-01 23:56:45','2020-04-03 02:05:50'),(28,22,3,'2019-03-31 00:04:09','2019-11-06 10:08:01'),(30,7,3,'2019-05-14 00:01:58','2020-03-23 10:24:28'),(32,10,2,'2019-07-03 06:24:32','2019-07-22 11:38:51'),(32,75,1,'2019-05-31 16:35:10','2019-06-01 06:57:38'),(35,78,1,'2019-09-09 00:22:04','2020-04-03 02:05:50'),(35,82,1,'2020-01-29 11:30:07','2020-04-03 02:05:50'),(36,76,1,'2020-02-07 12:59:11','2020-04-03 02:05:50'),(37,39,1,'2019-05-19 17:13:22','2020-04-03 02:05:50'),(38,27,1,'2019-05-01 08:43:40','2019-11-29 21:23:38'),(40,81,1,'2019-05-03 05:04:33','2019-05-09 04:15:04'),(41,55,3,'2019-12-08 19:09:07','2020-04-03 02:05:50'),(43,30,1,'2020-02-23 18:34:24','2020-02-26 08:07:34'),(43,34,3,'2019-10-31 02:38:14','2019-12-30 07:34:03'),(43,72,1,'2020-02-23 03:30:10','2020-04-03 02:05:50'),(47,27,3,'2020-02-28 02:21:22','2020-04-03 02:05:50'),(48,35,3,'2019-06-12 03:25:07','2020-01-08 21:26:10'),(56,1,3,'2019-05-05 17:23:27','2020-01-08 20:03:43'),(56,13,3,'2019-05-12 21:18:20','2019-08-08 22:04:26'),(56,47,3,'2019-04-05 03:03:40','2019-05-15 15:20:52'),(58,62,2,'2019-06-27 07:46:57','2020-04-03 02:05:50'),(58,96,3,'2019-10-21 05:17:33','2020-03-19 08:14:27'),(59,21,2,'2020-01-31 14:41:14','2020-04-03 02:05:50'),(59,30,1,'2019-09-23 12:53:15','2020-04-03 02:05:50'),(61,68,1,'2020-02-09 14:01:26','2020-03-26 11:18:07'),(62,51,3,'2020-02-09 17:23:48','2020-04-03 02:05:50'),(62,76,2,'2020-03-18 12:39:54','2020-04-03 02:05:50'),(63,38,1,'2020-03-03 13:26:38','2020-04-03 02:05:50'),(63,56,1,'2020-01-26 17:03:31','2020-04-03 02:05:50'),(64,24,3,'2019-07-21 00:37:46','2020-04-03 02:05:50'),(64,45,2,'2020-01-23 05:01:01','2020-04-03 02:05:50'),(64,76,1,'2019-06-12 12:38:50','2020-02-08 10:55:56'),(66,77,1,'2020-03-06 16:14:45','2020-04-03 02:05:50'),(67,26,1,'2019-05-03 18:47:27','2019-12-27 00:03:26'),(68,60,3,'2019-05-14 03:37:18','2019-08-16 09:13:43'),(69,8,2,'2020-02-27 07:04:43','2020-04-03 02:05:50'),(72,59,2,'2019-04-02 04:03:44','2019-12-04 13:21:33'),(72,79,3,'2019-12-30 19:30:39','2020-04-03 02:05:50'),(74,33,3,'2019-11-15 19:25:25','2020-04-03 02:05:50'),(74,86,1,'2019-10-20 06:04:01','2019-12-19 19:03:21'),(75,15,2,'2019-11-28 06:29:09','2020-04-03 02:05:50'),(75,75,1,'2019-12-20 01:38:40','2020-04-03 02:05:50'),(76,28,2,'2019-12-22 01:42:23','2020-02-28 04:47:12'),(78,81,1,'2020-02-16 18:02:34','2020-04-03 02:05:50'),(78,82,2,'2020-01-05 23:42:05','2020-02-25 19:53:26'),(80,15,2,'2019-10-29 09:32:16','2020-02-23 07:16:33'),(82,73,2,'2019-09-06 07:48:29','2020-04-03 02:05:50'),(83,81,2,'2019-06-11 20:08:24','2020-02-28 22:26:28'),(85,63,2,'2019-11-30 04:23:03','2020-04-03 02:05:50'),(87,80,3,'2019-12-09 07:38:43','2020-04-03 02:05:50'),(88,5,3,'2020-02-28 05:45:05','2020-04-03 02:05:50'),(90,55,3,'2019-07-29 09:42:41','2020-01-09 05:08:03'),(90,60,3,'2019-09-03 05:42:37','2020-01-08 15:35:55'),(90,99,1,'2019-06-09 23:52:12','2019-07-10 17:33:06'),(92,37,3,'2020-03-30 05:56:12','2020-04-03 02:05:50'),(92,38,1,'2019-12-01 02:33:51','2020-04-03 02:05:50'),(93,2,3,'2019-08-11 23:14:23','2020-04-03 02:05:50'),(93,70,3,'2020-01-04 23:20:37','2020-04-03 02:05:50'),(94,2,2,'2019-08-03 04:50:19','2020-01-23 06:22:47'),(94,34,1,'2019-05-10 03:10:54','2019-10-20 17:39:54'),(95,47,2,'2020-01-08 05:45:44','2020-02-27 07:29:31'),(96,55,1,'2019-08-17 12:19:32','2020-04-03 02:05:50'),(96,61,1,'2020-03-28 23:44:58','2020-04-03 02:05:50'),(96,71,1,'2019-06-12 05:12:14','2019-10-14 08:52:59'),(96,86,2,'2019-07-14 06:08:44','2020-04-03 02:05:50'),(97,79,2,'2019-08-14 08:54:32','2019-10-24 10:41:08'),(99,76,1,'2019-12-31 05:08:29','2020-04-03 02:05:50'),(100,72,1,'2019-07-16 01:24:47','2019-08-17 04:09:45');
/*!40000 ALTER TABLE `friendship` ENABLE KEYS */;
UNLOCK TABLES;

--
-- Table structure for table `friendship_statuses`
--

DROP TABLE IF EXISTS `friendship_statuses`;
/*!40101 SET @saved_cs_client     = @@character_set_client */;
/*!50503 SET character_set_client = utf8mb4 */;
CREATE TABLE `friendship_statuses` (
  `id` int unsigned NOT NULL AUTO_INCREMENT,
  `name` varchar(150) CHARACTER SET utf8 COLLATE utf8_unicode_ci NOT NULL,
  PRIMARY KEY (`id`),
  UNIQUE KEY `name` (`name`)
) ENGINE=InnoDB AUTO_INCREMENT=4 DEFAULT CHARSET=utf8 COLLATE=utf8_unicode_ci;
/*!40101 SET character_set_client = @saved_cs_client */;

--
-- Dumping data for table `friendship_statuses`
--

LOCK TABLES `friendship_statuses` WRITE;
/*!40000 ALTER TABLE `friendship_statuses` DISABLE KEYS */;
INSERT INTO `friendship_statuses` VALUES (2,'Confirmed'),(3,'Rejected'),(1,'Requested');
/*!40000 ALTER TABLE `friendship_statuses` ENABLE KEYS */;
UNLOCK TABLES;

--
-- Table structure for table `likes`
--

DROP TABLE IF EXISTS `likes`;
/*!40101 SET @saved_cs_client     = @@character_set_client */;
/*!50503 SET character_set_client = utf8mb4 */;
CREATE TABLE `likes` (
  `id` int unsigned NOT NULL AUTO_INCREMENT,
  `user_id` int unsigned NOT NULL,
  `target_id` int unsigned NOT NULL,
  `target_type_id` int unsigned NOT NULL,
  `created_at` datetime DEFAULT CURRENT_TIMESTAMP,
  PRIMARY KEY (`id`),
  KEY `likes_user_id_fk` (`user_id`),
  KEY `likes_target_types_id_fk` (`target_type_id`),
  CONSTRAINT `likes_target_types_id_fk` FOREIGN KEY (`target_type_id`) REFERENCES `target_types` (`id`),
  CONSTRAINT `likes_user_id_fk` FOREIGN KEY (`user_id`) REFERENCES `users` (`id`)
) ENGINE=InnoDB AUTO_INCREMENT=101 DEFAULT CHARSET=utf8mb4 COLLATE=utf8mb4_0900_ai_ci;
/*!40101 SET character_set_client = @saved_cs_client */;

--
-- Dumping data for table `likes`
--

LOCK TABLES `likes` WRITE;
/*!40000 ALTER TABLE `likes` DISABLE KEYS */;
INSERT INTO `likes` VALUES (1,60,53,4,'2020-04-09 04:23:45'),(2,64,67,2,'2020-04-09 04:23:45'),(3,97,65,2,'2020-04-09 04:23:45'),(4,79,91,1,'2020-04-09 04:23:45'),(5,4,76,3,'2020-04-09 04:23:45'),(6,93,70,3,'2020-04-09 04:23:45'),(7,57,65,3,'2020-04-09 04:23:45'),(8,62,57,4,'2020-04-09 04:23:45'),(9,15,83,3,'2020-04-09 04:23:45'),(10,100,88,2,'2020-04-09 04:23:45'),(11,42,86,1,'2020-04-09 04:23:45'),(12,61,92,4,'2020-04-09 04:23:45'),(13,14,35,2,'2020-04-09 04:23:45'),(14,48,47,4,'2020-04-09 04:23:45'),(15,13,90,1,'2020-04-09 04:23:45'),(16,86,97,2,'2020-04-09 04:23:45'),(17,39,16,3,'2020-04-09 04:23:45'),(18,63,28,2,'2020-04-09 04:23:45'),(19,60,54,4,'2020-04-09 04:23:45'),(20,91,81,2,'2020-04-09 04:23:45'),(21,19,98,2,'2020-04-09 04:23:45'),(22,60,5,2,'2020-04-09 04:23:45'),(23,15,38,2,'2020-04-09 04:23:45'),(24,94,45,2,'2020-04-09 04:23:45'),(25,83,81,3,'2020-04-09 04:23:45'),(26,49,68,4,'2020-04-09 04:23:45'),(27,66,47,2,'2020-04-09 04:23:45'),(28,43,3,4,'2020-04-09 04:23:45'),(29,16,24,3,'2020-04-09 04:23:45'),(30,80,90,1,'2020-04-09 04:23:45'),(31,77,56,2,'2020-04-09 04:23:45'),(32,63,78,4,'2020-04-09 04:23:45'),(33,63,17,4,'2020-04-09 04:23:45'),(34,19,11,4,'2020-04-09 04:23:45'),(35,60,3,2,'2020-04-09 04:23:45'),(36,64,14,4,'2020-04-09 04:23:45'),(37,45,92,1,'2020-04-09 04:23:45'),(38,42,39,3,'2020-04-09 04:23:45'),(39,25,19,1,'2020-04-09 04:23:45'),(40,49,79,2,'2020-04-09 04:23:45'),(41,96,40,1,'2020-04-09 04:23:45'),(42,32,28,2,'2020-04-09 04:23:45'),(43,30,22,1,'2020-04-09 04:23:45'),(44,32,99,4,'2020-04-09 04:23:45'),(45,92,65,2,'2020-04-09 04:23:45'),(46,44,77,3,'2020-04-09 04:23:45'),(47,35,15,3,'2020-04-09 04:23:45'),(48,3,5,1,'2020-04-09 04:23:45'),(49,59,50,3,'2020-04-09 04:23:45'),(50,11,36,2,'2020-04-09 04:23:45'),(51,38,41,4,'2020-04-09 04:23:45'),(52,23,46,3,'2020-04-09 04:23:45'),(53,76,90,1,'2020-04-09 04:23:45'),(54,38,25,1,'2020-04-09 04:23:45'),(55,74,39,3,'2020-04-09 04:23:45'),(56,47,17,2,'2020-04-09 04:23:45'),(57,60,74,4,'2020-04-09 04:23:45'),(58,17,19,2,'2020-04-09 04:23:45'),(59,69,8,2,'2020-04-09 04:23:45'),(60,42,9,1,'2020-04-09 04:23:45'),(61,69,86,1,'2020-04-09 04:23:45'),(62,60,30,3,'2020-04-09 04:23:45'),(63,46,30,1,'2020-04-09 04:23:45'),(64,62,78,1,'2020-04-09 04:23:45'),(65,81,96,2,'2020-04-09 04:23:45'),(66,87,30,4,'2020-04-09 04:23:45'),(67,53,99,2,'2020-04-09 04:23:45'),(68,73,62,4,'2020-04-09 04:23:45'),(69,66,59,4,'2020-04-09 04:23:45'),(70,1,16,4,'2020-04-09 04:23:45'),(71,32,33,3,'2020-04-09 04:23:45'),(72,45,16,2,'2020-04-09 04:23:45'),(73,78,52,2,'2020-04-09 04:23:45'),(74,73,87,1,'2020-04-09 04:23:45'),(75,15,27,4,'2020-04-09 04:23:45'),(76,79,18,3,'2020-04-09 04:23:45'),(77,3,60,4,'2020-04-09 04:23:45'),(78,82,32,1,'2020-04-09 04:23:45'),(79,70,9,2,'2020-04-09 04:23:45'),(80,50,43,3,'2020-04-09 04:23:45'),(81,99,96,4,'2020-04-09 04:23:45'),(82,28,90,3,'2020-04-09 04:23:45'),(83,57,88,3,'2020-04-09 04:23:45'),(84,77,82,3,'2020-04-09 04:23:45'),(85,29,18,1,'2020-04-09 04:23:45'),(86,72,44,1,'2020-04-09 04:23:45'),(87,78,85,4,'2020-04-09 04:23:45'),(88,91,87,3,'2020-04-09 04:23:45'),(89,49,58,2,'2020-04-09 04:23:45'),(90,35,47,2,'2020-04-09 04:23:45'),(91,12,67,4,'2020-04-09 04:23:45'),(92,91,60,2,'2020-04-09 04:23:45'),(93,53,85,3,'2020-04-09 04:23:45'),(94,66,35,4,'2020-04-09 04:23:45'),(95,79,63,4,'2020-04-09 04:23:45'),(96,4,82,4,'2020-04-09 04:23:45'),(97,39,6,1,'2020-04-09 04:23:45'),(98,31,27,2,'2020-04-09 04:23:45'),(99,26,5,2,'2020-04-09 04:23:45'),(100,13,29,1,'2020-04-09 04:23:45');
/*!40000 ALTER TABLE `likes` ENABLE KEYS */;
UNLOCK TABLES;

--
-- Table structure for table `media`
--

DROP TABLE IF EXISTS `media`;
/*!40101 SET @saved_cs_client     = @@character_set_client */;
/*!50503 SET character_set_client = utf8mb4 */;
CREATE TABLE `media` (
  `id` int unsigned NOT NULL AUTO_INCREMENT,
  `media_type_id` int unsigned NOT NULL,
  `user_id` int unsigned NOT NULL,
  `file_path` varchar(255) CHARACTER SET utf8 COLLATE utf8_unicode_ci NOT NULL,
  `size` int NOT NULL,
  `metadata` json DEFAULT NULL,
  `created_at` datetime DEFAULT CURRENT_TIMESTAMP,
  `updated_at` datetime DEFAULT CURRENT_TIMESTAMP ON UPDATE CURRENT_TIMESTAMP,
  PRIMARY KEY (`id`),
  KEY `media_user_id_fk` (`user_id`),
  KEY `media_type_id_fk` (`media_type_id`),
  CONSTRAINT `media_type_id_fk` FOREIGN KEY (`media_type_id`) REFERENCES `media_types` (`id`) ON DELETE CASCADE,
  CONSTRAINT `media_user_id_fk` FOREIGN KEY (`user_id`) REFERENCES `users` (`id`)
) ENGINE=InnoDB AUTO_INCREMENT=101 DEFAULT CHARSET=utf8 COLLATE=utf8_unicode_ci;
/*!40101 SET character_set_client = @saved_cs_client */;

--
-- Dumping data for table `media`
--

LOCK TABLES `media` WRITE;
/*!40000 ALTER TABLE `media` DISABLE KEYS */;
INSERT INTO `media` VALUES (1,1,62,'https://dropbox.com/vk/file_1239',184772600,'{\"owner\": \"Omari Wehner\"}','2019-09-27 17:26:29','2020-03-31 23:30:58'),(2,2,84,'https://dropbox.com/vk/file_3770',768282,'{\"owner\": \"Mack Walker\"}','2019-10-20 05:08:15','2020-03-31 23:30:58'),(3,3,18,'https://dropbox.com/vk/file_5134',5748760,'{\"owner\": \"Hester Brakus\"}','2020-03-22 03:50:30','2020-03-31 23:30:58'),(4,4,77,'https://dropbox.com/vk/file_4361',280091,'{\"owner\": \"Eriberto Eichmann\"}','2020-01-27 04:29:23','2020-03-31 23:30:58'),(5,5,92,'https://dropbox.com/vk/file_6403',4054177,'{\"owner\": \"Vena Jast\"}','2020-01-30 16:19:12','2020-03-31 23:30:58'),(6,6,82,'https://dropbox.com/vk/file_8931',4581508,'{\"owner\": \"Haleigh Carroll\"}','2019-06-27 03:41:20','2020-03-31 23:30:58'),(7,7,11,'https://dropbox.com/vk/file_5449',62086336,'{\"owner\": \"Marcelino Bednar\"}','2020-01-23 15:26:52','2020-03-31 23:30:58'),(8,8,73,'https://dropbox.com/vk/file_452',21639029,'{\"owner\": \"Albertha Gorczany\"}','2019-06-28 12:52:22','2020-03-31 23:30:58'),(9,9,68,'https://dropbox.com/vk/file_5908',9330614,'{\"owner\": \"Consuelo Schoen\"}','2019-12-08 02:03:26','2020-03-31 23:30:58'),(10,10,5,'https://dropbox.com/vk/file_8185',4390545,'{\"owner\": \"Lynn Pacocha\"}','2019-04-25 20:26:00','2020-03-31 23:30:58'),(11,1,19,'https://dropbox.com/vk/file_3204',5667988,'{\"owner\": \"Bruce Feeney\"}','2020-02-27 15:42:21','2020-03-31 23:30:58'),(12,2,55,'https://dropbox.com/vk/file_1463',3860884,'{\"owner\": \"Marco Koelpin\"}','2019-10-07 13:20:13','2020-03-31 23:30:58'),(13,3,52,'https://dropbox.com/vk/file_7700',311049,'{\"owner\": \"Rosalinda Senger\"}','2019-06-08 17:24:33','2020-03-31 23:30:58'),(14,4,37,'https://dropbox.com/vk/file_4114',6032788,'{\"owner\": \"Annabel Lueilwitz\"}','2019-05-08 03:31:18','2020-03-31 23:30:58'),(15,5,9,'https://dropbox.com/vk/file_7469',8481288,'{\"owner\": \"Clemmie Bogan\"}','2019-10-01 06:02:26','2020-03-31 23:30:58'),(16,6,19,'https://dropbox.com/vk/file_5006',4208080,'{\"owner\": \"Bruce Feeney\"}','2019-06-14 03:40:30','2020-03-31 23:30:58'),(17,7,100,'https://dropbox.com/vk/file_2620',840726,'{\"owner\": \"Emmitt Franecki\"}','2019-04-24 05:44:14','2020-03-31 23:30:58'),(18,8,11,'https://dropbox.com/vk/file_8080',3037071,'{\"owner\": \"Marcelino Bednar\"}','2020-01-24 18:37:26','2020-03-31 23:30:58'),(19,9,53,'https://dropbox.com/vk/file_2545',5299524,'{\"owner\": \"Art Lesch\"}','2019-10-27 08:44:50','2020-03-31 23:30:58'),(20,10,57,'https://dropbox.com/vk/file_8481',9243737,'{\"owner\": \"Payton Hahn\"}','2020-03-29 15:59:14','2020-03-31 23:30:58'),(21,1,63,'https://dropbox.com/vk/file_4773',5496539,'{\"owner\": \"Hortense Murray\"}','2019-12-18 20:18:22','2020-03-31 23:30:58'),(22,2,51,'https://dropbox.com/vk/file_8420',886434,'{\"owner\": \"Hester Cronin\"}','2019-08-16 14:13:02','2020-03-31 23:30:58'),(23,3,86,'https://dropbox.com/vk/file_7783',4758458,'{\"owner\": \"Polly Collier\"}','2020-02-12 02:42:35','2020-03-31 23:30:58'),(24,4,63,'https://dropbox.com/vk/file_3654',37623294,'{\"owner\": \"Hortense Murray\"}','2019-12-19 15:14:02','2020-03-31 23:30:58'),(25,5,10,'https://dropbox.com/vk/file_4922',7202673,'{\"owner\": \"Nash O\'Hara\"}','2019-11-10 22:14:16','2020-03-31 23:30:58'),(26,6,12,'https://dropbox.com/vk/file_3647',16703153,'{\"owner\": \"Ella Crist\"}','2019-10-12 10:43:36','2020-03-31 23:30:58'),(27,7,13,'https://dropbox.com/vk/file_3468',276058397,'{\"owner\": \"Anita Kutch\"}','2020-01-27 10:07:11','2020-03-31 23:30:58'),(28,8,73,'https://dropbox.com/vk/file_6400',1637995,'{\"owner\": \"Albertha Gorczany\"}','2019-06-08 04:51:13','2020-03-31 23:30:58'),(29,9,41,'https://dropbox.com/vk/file_1596',859985507,'{\"owner\": \"Karianne Quitzon\"}','2019-10-14 03:52:50','2020-03-31 23:30:58'),(30,10,19,'https://dropbox.com/vk/file_8779',5750873,'{\"owner\": \"Bruce Feeney\"}','2019-12-24 20:18:04','2020-03-31 23:30:58'),(31,1,37,'https://dropbox.com/vk/file_9110',87762,'{\"owner\": \"Annabel Lueilwitz\"}','2019-04-30 00:56:31','2020-03-31 23:30:58'),(32,2,8,'https://dropbox.com/vk/file_9214',6481956,'{\"owner\": \"Carmelo Emard\"}','2019-12-29 21:00:04','2020-03-31 23:30:58'),(33,3,94,'https://dropbox.com/vk/file_8740',686766488,'{\"owner\": \"Katrine Schiller\"}','2019-04-22 12:46:01','2020-03-31 23:30:58'),(34,4,15,'https://dropbox.com/vk/file_6056',7395797,'{\"owner\": \"Jaren Berge\"}','2019-08-30 05:42:17','2020-03-31 23:30:58'),(35,5,34,'https://dropbox.com/vk/file_4062',675516,'{\"owner\": \"Edmond Kovacek\"}','2019-11-15 13:41:28','2020-03-31 23:30:58'),(36,6,39,'https://dropbox.com/vk/file_2143',82030,'{\"owner\": \"Talia Kovacek\"}','2019-04-22 21:05:12','2020-03-31 23:30:58'),(37,7,50,'https://dropbox.com/vk/file_8524',7433122,'{\"owner\": \"Marvin Torphy\"}','2020-03-28 18:08:28','2020-03-31 23:30:58'),(38,8,21,'https://dropbox.com/vk/file_6194',4878219,'{\"owner\": \"Junior Kshlerin\"}','2019-08-24 20:59:18','2020-03-31 23:30:58'),(39,9,45,'https://dropbox.com/vk/file_5400',44033,'{\"owner\": \"Schuyler Blick\"}','2019-12-31 01:01:32','2020-03-31 23:30:58'),(40,10,39,'https://dropbox.com/vk/file_8416',9307425,'{\"owner\": \"Talia Kovacek\"}','2019-12-18 13:10:30','2020-03-31 23:30:58'),(41,1,45,'https://dropbox.com/vk/file_5883',2184537,'{\"owner\": \"Schuyler Blick\"}','2019-12-01 18:31:21','2020-03-31 23:30:58'),(42,2,67,'https://dropbox.com/vk/file_4165',4744676,'{\"owner\": \"Stuart Kessler\"}','2019-10-22 01:40:26','2020-03-31 23:30:58'),(43,3,53,'https://dropbox.com/vk/file_3177',350548,'{\"owner\": \"Art Lesch\"}','2019-11-04 06:02:58','2020-03-31 23:30:58'),(44,4,9,'https://dropbox.com/vk/file_3389',1991733,'{\"owner\": \"Clemmie Bogan\"}','2019-04-22 09:48:33','2020-03-31 23:30:58'),(45,5,26,'https://dropbox.com/vk/file_7413',52231,'{\"owner\": \"Mabelle Keebler\"}','2019-12-04 08:33:37','2020-03-31 23:30:58'),(46,6,35,'https://dropbox.com/vk/file_6899',278635,'{\"owner\": \"Carmine Stroman\"}','2019-08-08 15:16:13','2020-03-31 23:30:58'),(47,7,51,'https://dropbox.com/vk/file_2259',5224010,'{\"owner\": \"Hester Cronin\"}','2019-08-11 02:27:28','2020-03-31 23:30:58'),(48,8,76,'https://dropbox.com/vk/file_594',10044851,'{\"owner\": \"Elinore Hagenes\"}','2019-11-06 08:31:36','2020-03-31 23:30:58'),(49,9,14,'https://dropbox.com/vk/file_6193',4452230,'{\"owner\": \"Ashleigh Hane\"}','2019-04-07 09:43:05','2020-03-31 23:30:58'),(50,10,85,'https://dropbox.com/vk/file_9183',2026599,'{\"owner\": \"Kelly Koelpin\"}','2019-05-08 02:11:37','2020-03-31 23:30:58'),(51,1,44,'https://dropbox.com/vk/file_7340',6676306,'{\"owner\": \"Harrison Hamill\"}','2019-09-06 04:54:19','2020-03-31 23:30:58'),(52,2,9,'https://dropbox.com/vk/file_9150',51436,'{\"owner\": \"Clemmie Bogan\"}','2019-05-29 16:33:41','2020-03-31 23:30:58'),(53,3,43,'https://dropbox.com/vk/file_3733',9281936,'{\"owner\": \"Clemmie Schoen\"}','2019-11-23 17:12:18','2020-03-31 23:30:58'),(54,4,28,'https://dropbox.com/vk/file_1210',745413,'{\"owner\": \"Maci Moore\"}','2019-06-30 02:06:47','2020-03-31 23:30:58'),(55,5,50,'https://dropbox.com/vk/file_4853',7201737,'{\"owner\": \"Marvin Torphy\"}','2020-03-15 11:09:52','2020-03-31 23:30:58'),(56,6,68,'https://dropbox.com/vk/file_633',8923507,'{\"owner\": \"Consuelo Schoen\"}','2020-02-06 11:19:26','2020-03-31 23:30:58'),(57,7,87,'https://dropbox.com/vk/file_8607',44858,'{\"owner\": \"Cristina Bartoletti\"}','2019-09-17 06:57:38','2020-03-31 23:30:58'),(58,8,29,'https://dropbox.com/vk/file_1138',4810409,'{\"owner\": \"Samara Runolfsson\"}','2019-07-10 21:19:58','2020-03-31 23:30:58'),(59,9,75,'https://dropbox.com/vk/file_9867',5879768,'{\"owner\": \"Emmie Hills\"}','2020-03-04 13:55:14','2020-03-31 23:30:58'),(60,10,83,'https://dropbox.com/vk/file_5922',7693634,'{\"owner\": \"Richmond Vandervort\"}','2019-07-27 14:07:26','2020-03-31 23:30:58'),(61,1,20,'https://dropbox.com/vk/file_9',6808150,'{\"owner\": \"Koby Harris\"}','2019-09-06 10:49:15','2020-03-31 23:30:58'),(62,2,69,'https://dropbox.com/vk/file_2278',728867,'{\"owner\": \"Carmela Pacocha\"}','2019-06-06 19:13:30','2020-03-31 23:30:58'),(63,3,1,'https://dropbox.com/vk/file_1361',463434,'{\"owner\": \"Alexys Rippin\"}','2020-01-24 14:37:33','2020-03-31 23:30:58'),(64,4,46,'https://dropbox.com/vk/file_9969',10030572,'{\"owner\": \"Catherine Adams\"}','2019-06-17 10:01:18','2020-03-31 23:30:58'),(65,5,17,'https://dropbox.com/vk/file_5767',590225732,'{\"owner\": \"Kari Glover\"}','2020-02-15 19:14:00','2020-03-31 23:30:58'),(66,6,60,'https://dropbox.com/vk/file_8928',8662560,'{\"owner\": \"Valentina Wolf\"}','2020-01-23 11:33:31','2020-03-31 23:30:58'),(67,7,69,'https://dropbox.com/vk/file_7341',3121090,'{\"owner\": \"Carmela Pacocha\"}','2019-07-15 21:51:33','2020-03-31 23:30:58'),(68,8,3,'https://dropbox.com/vk/file_9920',2268418,'{\"owner\": \"Jarred Bednar\"}','2019-11-12 03:52:29','2020-03-31 23:30:58'),(69,9,36,'https://dropbox.com/vk/file_7577',169590,'{\"owner\": \"Hermann Nienow\"}','2020-03-18 02:21:17','2020-03-31 23:30:58'),(70,10,83,'https://dropbox.com/vk/file_8124',9517767,'{\"owner\": \"Richmond Vandervort\"}','2019-07-08 05:35:00','2020-03-31 23:30:58'),(71,1,74,'https://dropbox.com/vk/file_7891',488179,'{\"owner\": \"Edwin Nader\"}','2020-02-18 06:03:10','2020-03-31 23:30:58'),(72,2,23,'https://dropbox.com/vk/file_5083',8125569,'{\"owner\": \"Dewayne Bartell\"}','2020-02-09 21:22:58','2020-03-31 23:30:58'),(73,3,100,'https://dropbox.com/vk/file_1741',45440160,'{\"owner\": \"Emmitt Franecki\"}','2019-07-07 23:59:30','2020-03-31 23:30:58'),(74,4,22,'https://dropbox.com/vk/file_3456',1974548,'{\"owner\": \"Keven Berge\"}','2019-06-25 11:26:21','2020-03-31 23:30:58'),(75,5,91,'https://dropbox.com/vk/file_2057',960297624,'{\"owner\": \"Isobel Swift\"}','2019-10-20 09:03:00','2020-03-31 23:30:58'),(76,6,9,'https://dropbox.com/vk/file_9916',8409923,'{\"owner\": \"Clemmie Bogan\"}','2019-10-07 09:50:45','2020-03-31 23:30:58'),(77,7,34,'https://dropbox.com/vk/file_3412',28234266,'{\"owner\": \"Edmond Kovacek\"}','2019-04-04 17:37:39','2020-03-31 23:30:58'),(78,8,59,'https://dropbox.com/vk/file_7308',6017031,'{\"owner\": \"Helga Wintheiser\"}','2019-07-16 09:36:25','2020-03-31 23:30:58'),(79,9,46,'https://dropbox.com/vk/file_6308',5396032,'{\"owner\": \"Catherine Adams\"}','2019-11-10 03:03:11','2020-03-31 23:30:58'),(80,10,11,'https://dropbox.com/vk/file_9616',956522,'{\"owner\": \"Marcelino Bednar\"}','2020-03-30 02:35:09','2020-03-31 23:30:58'),(81,1,60,'https://dropbox.com/vk/file_9158',4890609,'{\"owner\": \"Valentina Wolf\"}','2020-02-24 20:00:14','2020-03-31 23:30:58'),(82,2,8,'https://dropbox.com/vk/file_6941',35465452,'{\"owner\": \"Carmelo Emard\"}','2020-02-28 17:57:54','2020-03-31 23:30:58'),(83,3,76,'https://dropbox.com/vk/file_7232',8494513,'{\"owner\": \"Elinore Hagenes\"}','2019-11-25 18:15:21','2020-03-31 23:30:58'),(84,4,79,'https://dropbox.com/vk/file_5337',40350783,'{\"owner\": \"Cathrine Quigley\"}','2019-12-21 19:11:59','2020-03-31 23:30:58'),(85,5,17,'https://dropbox.com/vk/file_4987',872432,'{\"owner\": \"Kari Glover\"}','2020-01-29 22:19:44','2020-03-31 23:30:58'),(86,6,71,'https://dropbox.com/vk/file_8924',84872,'{\"owner\": \"Cory Koss\"}','2019-04-12 11:32:45','2020-03-31 23:30:58'),(87,7,19,'https://dropbox.com/vk/file_9662',9503002,'{\"owner\": \"Bruce Feeney\"}','2019-11-14 06:23:15','2020-03-31 23:30:58'),(88,8,75,'https://dropbox.com/vk/file_1540',890883,'{\"owner\": \"Emmie Hills\"}','2020-02-11 01:19:51','2020-03-31 23:30:58'),(89,9,19,'https://dropbox.com/vk/file_8708',1931477,'{\"owner\": \"Bruce Feeney\"}','2019-12-24 16:58:45','2020-03-31 23:30:58'),(90,10,17,'https://dropbox.com/vk/file_8924',200469133,'{\"owner\": \"Kari Glover\"}','2019-08-25 15:46:53','2020-03-31 23:30:58'),(91,1,48,'https://dropbox.com/vk/file_8498',1048379,'{\"owner\": \"Loy Champlin\"}','2019-11-22 01:56:58','2020-03-31 23:30:58'),(92,2,7,'https://dropbox.com/vk/file_5718',9347466,'{\"owner\": \"Lewis Mitchell\"}','2019-08-06 16:44:18','2020-03-31 23:30:58'),(93,3,77,'https://dropbox.com/vk/file_3095',3492196,'{\"owner\": \"Eriberto Eichmann\"}','2019-04-19 21:35:07','2020-03-31 23:30:58'),(94,4,37,'https://dropbox.com/vk/file_8317',9318583,'{\"owner\": \"Annabel Lueilwitz\"}','2019-06-09 08:10:01','2020-03-31 23:30:58'),(95,5,62,'https://dropbox.com/vk/file_2306',6016331,'{\"owner\": \"Omari Wehner\"}','2019-10-09 18:53:32','2020-03-31 23:30:58'),(96,6,3,'https://dropbox.com/vk/file_6577',89177,'{\"owner\": \"Jarred Bednar\"}','2019-04-06 18:26:23','2020-03-31 23:30:58'),(97,7,78,'https://dropbox.com/vk/file_5966',209159,'{\"owner\": \"Montana Huel\"}','2019-11-25 04:26:45','2020-03-31 23:30:58'),(98,8,89,'https://dropbox.com/vk/file_99',95770698,'{\"owner\": \"Jada Kreiger\"}','2019-07-23 23:33:37','2020-03-31 23:30:58'),(99,9,36,'https://dropbox.com/vk/file_2597',2025907,'{\"owner\": \"Hermann Nienow\"}','2019-11-24 02:06:56','2020-03-31 23:30:58'),(100,10,22,'https://dropbox.com/vk/file_2688',12637209,'{\"owner\": \"Keven Berge\"}','2019-07-09 14:38:57','2020-03-31 23:30:58');
/*!40000 ALTER TABLE `media` ENABLE KEYS */;
UNLOCK TABLES;

--
-- Table structure for table `media_types`
--

DROP TABLE IF EXISTS `media_types`;
/*!40101 SET @saved_cs_client     = @@character_set_client */;
/*!50503 SET character_set_client = utf8mb4 */;
CREATE TABLE `media_types` (
  `id` int unsigned NOT NULL AUTO_INCREMENT,
  `name` varchar(255) CHARACTER SET utf8 COLLATE utf8_unicode_ci NOT NULL,
  PRIMARY KEY (`id`),
  UNIQUE KEY `name` (`name`)
) ENGINE=InnoDB AUTO_INCREMENT=11 DEFAULT CHARSET=utf8 COLLATE=utf8_unicode_ci;
/*!40101 SET character_set_client = @saved_cs_client */;

--
-- Dumping data for table `media_types`
--

LOCK TABLES `media_types` WRITE;
/*!40000 ALTER TABLE `media_types` DISABLE KEYS */;
INSERT INTO `media_types` VALUES (7,'3d_image'),(10,'archive'),(3,'audio'),(8,'code'),(6,'data'),(4,'gif'),(1,'photo'),(5,'text'),(9,'undefined'),(2,'video');
/*!40000 ALTER TABLE `media_types` ENABLE KEYS */;
UNLOCK TABLES;

--
-- Table structure for table `messages`
--

DROP TABLE IF EXISTS `messages`;
/*!40101 SET @saved_cs_client     = @@character_set_client */;
/*!50503 SET character_set_client = utf8mb4 */;
CREATE TABLE `messages` (
  `id` int unsigned NOT NULL AUTO_INCREMENT,
  `from_user_id` int unsigned NOT NULL,
  `to_user_id` int unsigned NOT NULL,
  `body` text CHARACTER SET utf8 COLLATE utf8_unicode_ci NOT NULL,
  `is_important` tinyint(1) DEFAULT NULL,
  `is_delivered` tinyint(1) DEFAULT NULL,
  `created_at` datetime DEFAULT CURRENT_TIMESTAMP,
  PRIMARY KEY (`id`),
  KEY `messages_from_user_id_fk` (`from_user_id`),
  KEY `messages_to_user_id_fk` (`to_user_id`),
  CONSTRAINT `messages_from_user_id_fk` FOREIGN KEY (`from_user_id`) REFERENCES `users` (`id`),
  CONSTRAINT `messages_to_user_id_fk` FOREIGN KEY (`to_user_id`) REFERENCES `users` (`id`)
) ENGINE=InnoDB AUTO_INCREMENT=101 DEFAULT CHARSET=utf8 COLLATE=utf8_unicode_ci;
/*!40101 SET character_set_client = @saved_cs_client */;

--
-- Dumping data for table `messages`
--

LOCK TABLES `messages` WRITE;
/*!40000 ALTER TABLE `messages` DISABLE KEYS */;
INSERT INTO `messages` VALUES (1,16,62,'Velit pariatur quo voluptatem. Architecto quam dolorem dolorum ut. Est cupiditate molestiae ducimus. Ad consequatur dolor aspernatur enim qui quos.',0,1,'2019-08-24 09:46:29'),(2,64,96,'Nihil explicabo laudantium repudiandae eos officiis inventore aspernatur. Dolores sit cupiditate quo in. Vel rem quis suscipit.',1,0,'2019-12-19 04:05:43'),(3,8,95,'Nobis et eos voluptatem incidunt qui. Molestiae maxime odio quibusdam quod architecto vel.',1,1,'2020-01-11 04:23:48'),(4,68,69,'Placeat ipsam saepe eos sit id et. Blanditiis atque sequi debitis eos ipsam et quo. Qui reprehenderit mollitia quia. Deleniti laborum hic rerum alias ut.',1,1,'2020-01-19 09:42:52'),(5,92,75,'Eveniet quisquam culpa consectetur quo ex. Sunt dolor qui et.',0,1,'2019-09-22 16:53:47'),(6,89,17,'Exercitationem doloribus possimus quidem. Optio qui accusantium est cumque sed maiores. Rerum quidem nam animi. Modi aut dolorum sed temporibus.',0,0,'2019-05-12 12:40:37'),(7,9,55,'Velit laudantium sequi quia tempora. Excepturi quia rerum eum quae voluptates et. Maxime sed quo qui voluptas nobis occaecati voluptates. Porro ipsam tempore porro quas ut in.',0,1,'2019-07-20 07:43:50'),(8,46,32,'Modi omnis voluptatum voluptatem. Perspiciatis sequi veritatis quis nisi recusandae voluptatum consectetur et. Atque aut unde necessitatibus aut consequuntur ut qui optio.',1,0,'2019-06-13 06:18:14'),(9,95,58,'Sit eligendi reiciendis id dolorem et eos ducimus. Natus ut quibusdam rem aut quibusdam. Inventore voluptate veritatis et architecto rerum et est porro.',1,0,'2020-03-24 15:55:12'),(10,32,32,'Ipsum facere velit repellat at et ipsam. Mollitia ut nostrum dolor necessitatibus. Est rerum consequatur pariatur qui. Provident autem eius ipsam culpa.',1,1,'2019-08-18 04:13:55'),(11,98,73,'At molestias vel a nisi sed inventore est impedit. Vel doloribus soluta et sed est. Nostrum vitae alias inventore qui et qui aut. Debitis dolor assumenda temporibus assumenda. Porro quod dignissimos at.',1,0,'2020-03-23 13:08:44'),(12,13,27,'Maiores nihil incidunt corporis vel ut vel quibusdam iusto. Laudantium qui rerum labore ad. Earum eveniet velit magnam temporibus repellat tenetur.',1,1,'2020-03-22 00:15:31'),(13,24,35,'Nihil laborum fuga eveniet eveniet. Ducimus non suscipit suscipit. Ut qui sint laboriosam dolorem. Unde explicabo ut aspernatur quibusdam id id sint eaque.',0,1,'2019-09-22 06:05:53'),(14,94,39,'Consequatur delectus quod necessitatibus ab ratione quaerat. Corrupti et corporis reprehenderit perspiciatis. Qui labore consequuntur accusamus eos asperiores voluptatum voluptatem.',0,0,'2020-02-15 23:40:02'),(15,92,15,'Quibusdam minus ad tempora delectus. Voluptates vel voluptatem numquam sit. Fugit enim dolorem vero cumque ut. Animi voluptas et ad iure iusto quod inventore.',0,0,'2019-07-02 03:10:44'),(16,16,53,'Ut incidunt ullam rerum atque voluptatem at quibusdam sed. Ea eum omnis et quod dicta est reiciendis eum. Et laborum fugit eligendi et accusantium omnis aliquid. Veritatis voluptas doloribus accusamus dolore rerum occaecati dignissimos.',0,0,'2019-07-13 07:04:30'),(17,3,82,'Et corrupti vel in nam ut accusamus neque. Ullam praesentium provident veniam nihil laudantium quidem commodi. Natus aut molestiae consequatur omnis et a minima.',0,0,'2019-05-18 17:34:11'),(18,91,30,'Perferendis eum minima voluptatum. Exercitationem consequatur omnis dolore officia iusto eaque error. Sed modi possimus voluptas cumque minima. Et voluptatem omnis quia.',0,0,'2019-05-30 18:20:51'),(19,24,21,'Et dolorum ea nisi corrupti in. Quo qui et sed et dolores fuga. Asperiores cumque distinctio debitis eos.',0,0,'2019-07-03 17:09:07'),(20,62,29,'Tempore incidunt sunt ea beatae sed dolorum. Rerum sit deserunt eveniet laboriosam. Voluptatem assumenda voluptatem ex enim. Necessitatibus dolorem dolore earum est veniam est dolore animi.',1,0,'2020-02-11 18:47:19'),(21,58,67,'Est ea hic enim eius. Vero officia eius laudantium autem consequuntur. Eos nobis perferendis quidem mollitia eligendi. Non voluptatem cum est doloribus modi.',1,0,'2019-09-08 21:13:03'),(22,95,89,'Veniam voluptas ipsam omnis omnis. Autem esse vel et omnis maiores corporis assumenda. Ut rem qui consequatur sapiente vel.',0,0,'2019-12-13 00:45:02'),(23,79,64,'Omnis velit rerum consequatur ullam doloribus voluptates corporis. Ratione aut et saepe dignissimos. A at perspiciatis reiciendis itaque pariatur magni. Ut deleniti sit saepe modi vitae laudantium cumque. Impedit perspiciatis est nisi ratione libero.',0,1,'2020-02-08 03:19:16'),(24,9,36,'Ab consequatur labore architecto expedita aut. Eligendi nemo quasi consequuntur deleniti ab aut accusamus. Magnam voluptates consequuntur et ut harum. Repellendus in voluptate vero eaque earum tempore.',1,0,'2019-06-25 12:11:23'),(25,43,93,'Dolores itaque voluptatibus nemo dolores. Esse eum vero expedita explicabo nihil facere. Eum sint excepturi illo vitae reiciendis laborum doloribus corporis.',0,1,'2020-03-30 14:48:11'),(26,35,51,'Repellat aspernatur quia illum aspernatur. Rerum distinctio officia rem corrupti distinctio delectus accusantium laudantium. Quasi libero in totam aut voluptatem rerum quis. Enim cupiditate quidem odio ex occaecati ut.',0,0,'2019-05-24 04:18:23'),(27,75,8,'Laboriosam ad est sint et. Impedit debitis voluptatem vitae voluptatum qui aut nobis vel. Hic at deserunt vero quia molestias et ipsam. Dignissimos porro rerum nam et asperiores.',1,1,'2019-11-20 14:12:45'),(28,68,85,'Eos qui laboriosam vitae aut ipsum est. Fugiat doloribus qui omnis deserunt recusandae et. Doloribus et quibusdam aliquam impedit voluptate et.',1,1,'2019-06-27 05:56:40'),(29,69,30,'Rerum animi veritatis esse libero et harum. Possimus porro ut omnis adipisci. Vel asperiores est omnis ut eum consectetur at id.',0,0,'2019-08-27 14:08:48'),(30,83,70,'Ipsa perspiciatis reiciendis tempora commodi iste. Aut alias repellendus laudantium non aperiam enim. Recusandae non perferendis quas. Iste nisi deserunt aut nihil minima rerum et.',0,0,'2019-08-02 21:09:28'),(31,57,66,'Totam cum sapiente aliquid. Temporibus sunt sit optio esse ducimus necessitatibus impedit qui. Ipsam dolorum ab qui quo quasi et. Dolore vel deleniti praesentium reprehenderit sed.',1,1,'2019-10-21 22:19:25'),(32,96,57,'Ipsa est quaerat asperiores eligendi sunt. Est et voluptates molestiae. Distinctio dolorem veritatis nobis nemo pariatur. Earum laboriosam excepturi non quaerat sed soluta fugit.',1,0,'2019-11-27 23:46:02'),(33,78,37,'Ad eos deleniti ut laudantium dignissimos magnam quis. Omnis id non suscipit harum quia.',0,0,'2020-03-11 21:57:57'),(34,34,88,'Quos veniam debitis aut quia. Tenetur autem qui et at et nobis voluptatem blanditiis. Aspernatur eaque iure itaque facere tempore non.',0,1,'2020-01-10 04:07:08'),(35,55,27,'Animi libero iure autem eaque earum saepe vel. Neque doloremque molestias velit consequatur exercitationem nihil. Quo quasi perferendis quasi iusto nihil ab corporis. Corporis facilis qui et odit vel.',0,0,'2020-02-16 16:38:27'),(36,60,20,'Dolorem et ut necessitatibus veniam voluptatem. Ipsam quas corrupti rem ullam minus impedit non. Harum voluptatem itaque voluptatibus quia est nemo quos. Corporis et expedita error itaque consequatur molestiae.',0,1,'2020-03-16 04:30:59'),(37,87,3,'Laborum aut qui illo. Consequatur et vero soluta quia qui ea. Non rerum error aut ab.',0,1,'2020-03-07 14:21:57'),(38,39,93,'Eos aut qui maiores quos est dolores magnam. Et expedita eum necessitatibus consequatur ea. Dolores harum voluptatibus hic ratione illum pariatur aut. Adipisci quasi est molestias sunt ea nemo.',1,1,'2020-03-19 03:32:12'),(39,96,59,'Ducimus sunt delectus saepe sit. Sed provident totam quasi voluptas officia dolorum. Voluptate est quod et culpa eos ipsa doloribus.',0,1,'2019-04-17 01:01:23'),(40,92,65,'In et et mollitia. Laudantium in nesciunt error non accusantium ipsam possimus.',0,0,'2019-12-06 16:04:04'),(41,38,28,'Sunt et et sunt veniam quos omnis. Ut non vero consectetur. Quis earum nulla sed dolore blanditiis aliquam.',0,0,'2019-06-12 22:01:40'),(42,65,2,'Dolorem earum dolor corrupti laudantium qui. Id dignissimos tempora at assumenda quae quia dicta qui. Eius reprehenderit alias consequuntur tenetur iusto excepturi.',0,0,'2019-09-28 07:24:53'),(43,34,7,'Veniam id facilis aliquam. Et debitis et nesciunt quae eos ut. Voluptatem nulla dolor odit ut alias illo. Exercitationem reprehenderit qui voluptatibus beatae vero.',1,0,'2019-07-16 04:28:47'),(44,91,84,'Rerum ut sit officia consectetur dolore. Laudantium hic qui dolorum ut animi sed dicta eum. Nulla vel voluptatum qui placeat consectetur. Molestiae sint suscipit quia sed aperiam est.',1,0,'2020-02-16 10:13:09'),(45,94,62,'Quae debitis quia aut nihil debitis voluptatibus temporibus. Est voluptatem quia perspiciatis in id incidunt. Ab deserunt non voluptates vel aperiam ut. Provident est quos aperiam minus reprehenderit est.',0,1,'2019-09-26 18:58:29'),(46,48,23,'Necessitatibus id tempore reprehenderit voluptatem. Non odio non unde culpa necessitatibus aliquam numquam. Veniam necessitatibus illum est voluptas. Corrupti laborum sit quam minus doloremque aut omnis.',0,0,'2020-01-15 04:59:29'),(47,62,1,'Laudantium temporibus quos voluptatibus magni voluptate voluptatem. Voluptatum voluptatum tempore deleniti deleniti aut dolore eos. Voluptatem molestiae harum in omnis.',0,1,'2019-06-12 13:51:04'),(48,59,25,'Voluptatem mollitia impedit explicabo qui. Excepturi fuga eum labore eveniet. Repellendus soluta nesciunt consectetur placeat consequatur eum fugit hic.',0,1,'2019-11-13 03:58:19'),(49,58,7,'Illo omnis hic aliquid adipisci enim ut. Incidunt aliquid aut tempora neque animi eum sit. Eaque debitis reprehenderit impedit excepturi illo.',0,0,'2019-07-02 16:48:18'),(50,73,40,'Ab et dolores quis ut exercitationem saepe nobis et. Labore laborum veritatis debitis ex ducimus est ipsam. Ducimus autem aut iste reprehenderit. Nesciunt ad quas mollitia qui.',1,0,'2019-11-23 05:55:56'),(51,20,100,'Culpa architecto numquam et alias reiciendis enim. Explicabo nesciunt dolores id culpa. Veritatis aut est voluptatem quia aperiam pariatur. Placeat nihil fugit perspiciatis sapiente.',0,0,'2019-12-12 02:28:54'),(52,40,23,'Praesentium maxime rem ex rem et quos. Blanditiis et nobis beatae eos qui ex cupiditate. Maiores alias rerum doloribus laborum.',1,1,'2019-10-21 21:49:49'),(53,16,83,'Id et non ipsam autem facilis. Officiis et rerum aut harum similique.',1,1,'2019-12-08 08:24:45'),(54,7,1,'In voluptatem et nam non alias atque. Velit incidunt dignissimos autem qui sit. Nisi eos quasi distinctio earum odit quis nisi.',1,0,'2019-08-13 14:52:59'),(55,63,100,'Quia mollitia expedita eos consectetur. Sequi qui veniam at aliquam qui. Maiores ipsum cupiditate sed aut cum consequatur.',1,1,'2019-06-28 10:37:46'),(56,66,92,'In soluta minus velit. Eum aut qui cumque aliquam corporis id. Ut soluta hic illum est vero ut.',1,0,'2020-02-27 10:47:44'),(57,62,68,'Aut aliquid cum magnam a ut. Nesciunt sint consectetur eos in facilis itaque. Rerum recusandae aliquid labore vero quo.',0,1,'2019-04-17 10:03:56'),(58,49,44,'A voluptatem ea pariatur itaque et nihil est. Aspernatur ratione fugiat dolor sint quis eligendi amet rerum. Rerum aut laudantium rerum ducimus. Eos odio quia consequatur qui voluptatum asperiores perferendis.',1,1,'2019-04-22 17:07:10'),(59,83,29,'Veritatis odit provident eum animi omnis iste officia. Incidunt neque ratione ut labore qui nam. Cupiditate placeat qui soluta sit tenetur illum reiciendis. Pariatur magnam rerum sed autem et.',0,0,'2019-05-28 11:27:39'),(60,43,16,'Sit aspernatur ratione quasi dolor dolor. Quaerat necessitatibus placeat reprehenderit. Minima rerum perspiciatis recusandae laudantium qui sit quia.',0,0,'2019-10-02 06:57:09'),(61,80,17,'Tempore perspiciatis sit placeat minima commodi numquam aut. Nesciunt omnis non est eos sit. Exercitationem quaerat repellendus beatae ut autem repudiandae. Saepe hic dolores totam consectetur ipsum eum magni.',0,1,'2020-01-22 14:35:37'),(62,36,59,'Aut delectus adipisci omnis tenetur pariatur sint sequi. Sit deleniti in libero. Dolores quis eaque nihil eligendi itaque occaecati totam. Atque atque vel blanditiis et.',0,1,'2020-03-12 03:54:08'),(63,66,9,'Distinctio ut molestiae quia similique architecto et. Est reiciendis magni praesentium. Eum qui architecto ipsa aut.',1,0,'2019-12-14 00:46:36'),(64,31,25,'Fugiat laborum nihil beatae. Dolor suscipit est et assumenda error. Sed asperiores quia sint nihil. Et ut ut voluptatem.',0,1,'2019-09-14 16:52:12'),(65,53,60,'Et maxime magnam minus sunt. Numquam maiores quo saepe molestiae quia. Nesciunt enim odit reprehenderit natus. Praesentium ut rerum possimus dignissimos voluptatem perspiciatis.',0,0,'2020-01-31 04:58:05'),(66,54,59,'Et sed minima quasi reprehenderit quisquam et et. Animi hic praesentium debitis amet. Nemo est aut repudiandae est. Quibusdam numquam excepturi dolores.',0,0,'2019-12-15 03:04:23'),(67,91,2,'Et illo natus repellat officiis expedita omnis. Est tempore neque ut ipsam suscipit ea. Illo cumque facilis doloribus praesentium vel saepe.',0,0,'2019-12-01 06:57:40'),(68,20,71,'Amet deserunt qui quibusdam eaque nihil totam. Asperiores architecto temporibus ex vel. Quia qui laboriosam ex accusantium.',1,0,'2019-04-17 15:49:37'),(69,65,75,'Labore voluptate id nesciunt dolores ipsa. Consequatur et fugit cum neque doloremque. Nihil beatae aut voluptatibus labore. Voluptas aperiam dolorum maiores dolorum consequatur. Culpa est ut quidem.',1,1,'2019-11-22 10:37:58'),(70,55,5,'Autem atque pariatur quae occaecati. Inventore rem sit expedita qui doloremque. Nobis accusamus autem exercitationem id fuga. Quisquam numquam eius consequatur architecto.',1,1,'2019-11-28 21:59:01'),(71,39,11,'Recusandae est eos sed excepturi rerum soluta. Animi provident ipsa est cumque fugit.',0,0,'2019-04-02 12:30:21'),(72,48,45,'Laborum alias consectetur delectus vitae vitae. Libero ab explicabo et. Quibusdam expedita voluptas sit unde commodi error. Itaque repellat doloremque fugit odio tempora.',0,1,'2019-11-16 10:48:11'),(73,15,91,'Quia sunt aut molestias. Quos alias officia et animi dicta omnis quidem fugiat. Nostrum tenetur et consequuntur perspiciatis. Ea velit deserunt non cupiditate possimus autem.',1,0,'2020-03-02 00:44:01'),(74,70,37,'Eum omnis veritatis quia ipsum dolorem. Illo praesentium quis rerum autem. Quis nesciunt nostrum commodi voluptate. Voluptatum qui et possimus ipsa labore.',1,1,'2020-03-25 02:38:28'),(75,82,11,'Non minus quia eos. In dolorem explicabo quod mollitia. Aut dolorem molestiae iusto tempora sapiente. Asperiores vero similique iste voluptatum architecto non facilis.',1,0,'2019-10-21 01:57:29'),(76,31,26,'Praesentium est quo omnis tenetur ipsa porro ad. Id quae esse beatae veritatis non necessitatibus aliquid.',1,1,'2019-12-09 02:16:04'),(77,67,34,'Dolor quasi dolore quia ut qui. Necessitatibus aut beatae voluptatem tempora ex eius voluptates. Minus possimus libero sint. Tempora sunt quidem aliquid nisi.',0,0,'2020-01-13 03:42:49'),(78,13,68,'Quisquam consectetur tempora reprehenderit ut. Est reiciendis qui possimus consequatur.',1,0,'2019-09-21 21:07:05'),(79,38,62,'Qui ipsa minus impedit dolorem voluptatem consequatur tempore. In autem eum aut delectus quia natus. Voluptates aliquid debitis soluta doloribus maxime laudantium.',0,1,'2019-07-29 12:45:13'),(80,88,97,'Rem eveniet enim modi. Aliquid aut sint dolorem non odio. Voluptatem amet dolor veniam aperiam voluptas. Voluptatem tempora dolores earum accusantium.',0,1,'2020-03-06 02:23:11'),(81,64,39,'Necessitatibus odit nostrum provident quibusdam eveniet vero necessitatibus. Voluptas rerum vel et. Odit ut sit dolorum rem unde ad recusandae totam. Ex error aut odio exercitationem.',1,0,'2019-06-13 09:06:58'),(82,56,5,'Quis non vel eos nulla assumenda et ratione. Qui velit laborum sint et et ipsa dolorum. Eum tempora fugit aut eos amet laboriosam iure tempore.',1,0,'2019-08-02 09:20:26'),(83,54,35,'Omnis iusto facilis quia incidunt sint quidem atque. Odit enim et et qui omnis error. Similique tenetur sequi et voluptatibus est eos. Enim dolorem ut veniam ipsa molestias doloribus alias.',0,1,'2019-05-08 17:16:27'),(84,59,3,'Aut deleniti aspernatur omnis et est et id cumque. Odit quia quasi eligendi qui alias. Vitae sequi repellendus corrupti veritatis. Distinctio eius enim eum.',1,0,'2019-12-21 02:32:54'),(85,67,51,'Repellat a sunt facere libero. Laudantium tempora iure vitae eum et autem eveniet fugiat.',1,1,'2019-06-23 01:21:52'),(86,11,43,'Qui sequi possimus et minima ab nemo voluptate. Voluptate quia non molestiae sit et maiores. Quas tempore beatae qui velit aut veniam error rerum.',0,0,'2019-08-29 11:00:59'),(87,21,53,'Vel quis modi earum quia id quam. Sequi at id autem. Id natus hic quia dolores ut vel quae. Deleniti mollitia provident sint nostrum ea voluptatum reprehenderit.',1,0,'2020-01-29 07:39:33'),(88,49,13,'Doloribus eos quia fugiat possimus porro non voluptatem. Voluptas quia voluptates ipsam ut.',1,0,'2019-04-28 20:48:56'),(89,36,47,'Eos aut beatae nemo debitis distinctio ad id sint. Debitis dolorem quod qui delectus velit nobis maxime aut. Optio incidunt nostrum voluptatem dolorem qui eaque rerum. Pariatur corporis neque harum aut saepe.',1,0,'2019-12-12 08:54:12'),(90,99,70,'Magnam ullam omnis tempore dolor blanditiis autem quisquam. Corporis magnam consequatur ullam dignissimos labore. Rem delectus necessitatibus sit et est. Error temporibus id consectetur sed quas nisi.',0,1,'2020-01-07 22:03:29'),(91,83,77,'Nihil iusto porro voluptas placeat at. Est soluta ratione minus voluptatem mollitia in repudiandae veniam. Iure quis cupiditate consequatur quia. Maiores sunt perspiciatis doloremque expedita.',0,1,'2020-02-14 01:02:37'),(92,4,58,'Cum aut dolor optio dolores. Est ratione rerum eos ea accusantium. Et soluta sapiente soluta consequuntur autem vero ducimus. Asperiores et placeat aut nobis adipisci non.',1,1,'2020-01-06 04:24:01'),(93,89,4,'Velit magnam dicta commodi. Sed saepe in eligendi. Aut nesciunt aut consequatur totam ut. Necessitatibus deleniti dignissimos iure enim est.',1,1,'2020-01-02 00:27:19'),(94,10,30,'Et rerum reprehenderit rerum accusamus sapiente nostrum perspiciatis perferendis. Iste aut aut a vel qui. Dignissimos inventore corrupti molestiae est autem assumenda.',0,0,'2019-07-20 10:03:34'),(95,10,46,'Ea ut in vero id et nesciunt. Eius doloremque non et iure. Assumenda consequuntur numquam minima molestiae ratione quia laboriosam.',1,0,'2019-04-28 00:34:08'),(96,56,90,'Laboriosam cumque praesentium atque sed voluptatibus laudantium. Ipsam tempora debitis corporis sit amet laudantium pariatur. Ut sequi modi qui laboriosam et modi.',0,1,'2020-02-29 19:06:07'),(97,35,23,'Nemo numquam pariatur voluptas excepturi error quis nam numquam. Temporibus eveniet cumque quod voluptates. Animi ab quo repudiandae impedit vel ut quidem. Accusamus aut vitae deserunt qui harum aut.',0,0,'2019-11-19 08:57:31'),(98,43,31,'Corrupti ut itaque voluptate consequatur non. Illum eum accusantium voluptatem harum est non eius aut. Eos culpa molestias debitis aut.',0,1,'2019-07-10 08:46:58'),(99,11,33,'Perferendis in repellendus adipisci quisquam voluptatem. Laboriosam molestiae eos deserunt tempore eos dolorum. Doloremque voluptatem doloribus quia. Voluptas aut maiores officiis et sapiente.',1,0,'2019-09-05 09:37:16'),(100,62,6,'Autem autem quis odit error repellat excepturi. Natus tenetur est rerum vero. Beatae consequatur consequuntur eveniet consequatur veritatis.',1,0,'2019-08-03 05:10:41');
/*!40000 ALTER TABLE `messages` ENABLE KEYS */;
UNLOCK TABLES;

--
-- Table structure for table `posts`
--

DROP TABLE IF EXISTS `posts`;
/*!40101 SET @saved_cs_client     = @@character_set_client */;
/*!50503 SET character_set_client = utf8mb4 */;
CREATE TABLE `posts` (
  `id` int unsigned NOT NULL AUTO_INCREMENT,
  `user_id` int unsigned NOT NULL,
  `community_id` int unsigned DEFAULT NULL,
  `head` varchar(255) CHARACTER SET utf8 COLLATE utf8_unicode_ci DEFAULT NULL,
  `body` text CHARACTER SET utf8 COLLATE utf8_unicode_ci NOT NULL,
  `media_id` int unsigned DEFAULT NULL,
  `created_at` datetime DEFAULT CURRENT_TIMESTAMP,
  `updated_at` datetime DEFAULT CURRENT_TIMESTAMP ON UPDATE CURRENT_TIMESTAMP,
  PRIMARY KEY (`id`),
  KEY `posts_user_id_fk` (`user_id`),
  KEY `posts_community_id_fk` (`community_id`),
  KEY `posts_media_id_fk` (`media_id`),
  CONSTRAINT `posts_community_id_fk` FOREIGN KEY (`community_id`) REFERENCES `communities` (`id`) ON DELETE CASCADE,
  CONSTRAINT `posts_media_id_fk` FOREIGN KEY (`media_id`) REFERENCES `media` (`id`) ON DELETE SET NULL,
  CONSTRAINT `posts_user_id_fk` FOREIGN KEY (`user_id`) REFERENCES `users` (`id`) ON DELETE CASCADE
) ENGINE=InnoDB AUTO_INCREMENT=101 DEFAULT CHARSET=utf8 COLLATE=utf8_unicode_ci;
/*!40101 SET character_set_client = @saved_cs_client */;

--
-- Dumping data for table `posts`
--

LOCK TABLES `posts` WRITE;
/*!40000 ALTER TABLE `posts` DISABLE KEYS */;
INSERT INTO `posts` VALUES (1,77,17,'Totam omnis soluta aliquam nihil quia doloremque assumenda.','Odit laudantium error dolore expedita quaerat earum. Aut sed voluptatem laboriosam harum. Ea quas iusto unde. Exercitationem aperiam veniam dolor aut.',23,'2018-04-30 23:10:50','2020-04-09 23:57:55'),(2,98,14,'Quis facilis libero voluptatem commodi et enim nemo.','Ut cum tempora omnis consectetur. Rem ut sunt amet nihil aut deserunt. Consectetur velit culpa aliquid neque et sit.',91,'2011-12-06 23:56:21','2012-02-25 00:32:28'),(3,96,2,'Dolor odit accusamus architecto architecto.','A inventore cum a aliquam nobis ipsum fugiat. Ducimus minima et aliquam saepe. Mollitia nostrum est ratione omnis doloribus quae. Est quia quia enim vitae autem odio.',28,'2015-08-05 02:32:54','2016-08-25 23:58:28'),(4,6,7,'Delectus nihil tempore consequatur commodi recusandae laboriosam.','Placeat atque rerum at eius velit reiciendis. Aut odio omnis consequatur tempora sequi sint dolore. Dignissimos vero ipsum incidunt aspernatur. Cupiditate qui a eveniet sed atque laborum et.',84,'2014-07-07 04:06:03','2018-03-18 15:28:16'),(5,86,10,'Numquam quasi itaque et placeat ea qui.','Nihil omnis similique mollitia harum laudantium qui quam impedit. Neque rem omnis et. Illum reprehenderit voluptatibus qui id amet. Eaque voluptates eum enim similique voluptatum.',20,'2014-04-13 13:33:36','2020-04-09 23:57:55'),(6,17,13,'Est quam sunt nam explicabo modi placeat fugit.','Quasi dolorem rerum nesciunt officia ut. Sed omnis aut et quidem. Facilis sit aut est.\nEos eum et perferendis. Et aut quae itaque non iure ducimus. Nihil non nam illo iure voluptatibus esse.',88,'2011-05-26 02:31:01','2020-04-09 18:33:52'),(7,50,2,'Ab ab eius deserunt soluta.','Dicta similique excepturi sed tempore quam. Tempore deleniti dicta ut doloribus laboriosam asperiores ad. Eos nesciunt aut non tenetur labore.',3,'2014-06-10 02:40:30','2018-05-24 15:44:21'),(8,75,10,'Et qui vitae vitae sed recusandae ut rerum beatae.','Doloremque nisi et facere illo qui ipsum. Rerum culpa dolorem libero ducimus architecto quas quia. Deserunt fugit est saepe dolorem. Quaerat quidem commodi explicabo rerum vel qui.',49,'2016-10-04 01:20:53','2020-04-09 23:57:55'),(9,70,20,'Quos deserunt enim sint.','Perferendis deleniti porro illo voluptatem. Iusto eaque quam amet sint. Officia vel sunt explicabo.',100,'2018-02-07 16:21:39','2020-04-09 23:57:55'),(10,54,14,'Eius doloribus eum et.','Sapiente repellat debitis nostrum voluptas dolor maxime. Fuga incidunt error atque ut expedita est temporibus. Sed laboriosam commodi tenetur suscipit est. Ut ipsam non expedita.',34,'2017-04-14 10:35:11','2020-04-09 23:57:55'),(11,8,15,'Doloremque ducimus quae molestias consectetur tempora alias deserunt.','Dolor voluptas deserunt est voluptatem id molestiae esse. Cumque est esse sint consequatur dignissimos minus ex et. Occaecati officia natus ducimus. Quidem nihil esse amet fugiat quos et.',79,'2016-11-26 17:41:54','2020-04-09 23:57:55'),(12,93,18,'Voluptatem repudiandae error et facilis vel.','Et eveniet sit voluptates. Et et recusandae eligendi aut necessitatibus sapiente quidem.',95,'2018-04-08 23:52:47','2020-04-09 23:57:55'),(13,9,2,'Sed beatae occaecati iste minus sint nostrum.','Nobis quo quia earum est in a soluta. Praesentium sed omnis et eos. Dolorum porro doloribus omnis est.',16,'2015-05-06 03:05:51','2020-04-09 23:57:55'),(14,6,20,'Enim non veniam et ipsum corporis qui et vitae.','Non et aperiam occaecati voluptatem dolores. Atque officia rem deleniti maiores eum. Beatae porro nisi excepturi itaque in similique. Veniam consequatur vitae sequi placeat officiis.',6,'2011-08-31 09:21:32','2020-04-09 18:33:59'),(15,29,9,'Quia consequatur et ut voluptates adipisci voluptatem dolor vitae.','Consequuntur veniam consequatur quos. Consequuntur nulla iusto culpa eum voluptatem dolore eaque. Ipsam fugit suscipit necessitatibus maiores maiores velit. Totam voluptates sint dicta adipisci et.',39,'2015-03-27 22:18:27','2020-04-09 23:57:55'),(16,12,6,'Corporis qui labore quo dolorum.','Quam est dolor ut laborum quia. Cumque animi sed dolores qui iste placeat rem nostrum. Deleniti recusandae porro tenetur quod quisquam. Vero facilis sit voluptatem at temporibus et nobis quia.',18,'2019-03-05 08:44:04','2020-04-09 23:57:55'),(17,49,18,'Eveniet qui repudiandae qui dolores corporis.','Illo distinctio eius adipisci sint atque quia eos laudantium. Cum voluptatum id totam culpa. Maiores ea officiis et reprehenderit.',63,'2019-11-04 10:45:09','2020-04-09 23:57:55'),(18,23,17,'Qui quae sequi aut iste voluptatibus voluptatem molestias.','Commodi ut esse qui ducimus eos quis. Non consequatur beatae unde qui. Enim et accusantium odio laudantium aut explicabo.',85,'2010-11-07 09:04:37','2014-03-16 01:47:42'),(19,88,16,'Beatae aut quam omnis beatae error neque.','Id consequatur rerum modi nihil laboriosam qui. Veniam cum amet qui quas et vitae et. Dolor ut et est est numquam et alias. Rem autem ipsam dolores optio nostrum placeat vero dolores.',41,'2010-06-17 05:49:03','2011-03-11 12:59:52'),(20,84,1,'Culpa molestiae id odit culpa.','Quo ad nemo qui animi exercitationem qui. Eveniet ad maiores porro qui. Esse quis debitis sint quis voluptatibus quis mollitia. Nemo mollitia aspernatur quo alias sapiente.',60,'2016-05-31 11:38:57','2020-03-07 08:53:44'),(21,92,18,'Aut ut ipsum asperiores suscipit qui placeat magni.','Itaque iure amet ipsa. Et quod provident quo ut qui voluptas. Aliquid exercitationem quaerat unde quia.',28,'2018-11-11 20:49:39','2020-04-09 23:57:55'),(22,79,2,'Quia sunt sint et aspernatur facere voluptates.','Assumenda omnis nesciunt perferendis. Minima voluptate iure sunt aperiam possimus eligendi. Ut rem similique dignissimos est dolor natus ut adipisci. Assumenda suscipit aliquam quibusdam.',25,'2011-09-07 00:38:57','2020-04-09 23:57:55'),(23,5,18,'Corporis molestias asperiores numquam qui quas eos.','Minima delectus illum ea et consequatur. Iusto ab illo praesentium molestiae ea aut. Atque facilis dolorem mollitia beatae voluptatum aut ullam. Saepe ut repellat omnis et voluptas quas sit eum.',82,'2016-08-02 10:27:21','2019-11-13 15:17:57'),(24,6,18,'Suscipit aliquid quia libero est et suscipit maxime.','Ut tempore quia possimus fugiat. Animi molestiae rerum distinctio distinctio voluptatum est quo et. Sit nihil et deleniti assumenda vitae nisi. Expedita aperiam id facilis harum repudiandae.',84,'2015-04-03 08:57:22','2020-04-09 23:57:55'),(25,68,5,'Consequatur aut similique non nulla eaque aspernatur.','Sint perspiciatis enim repellendus ad ut. Et nemo officiis accusantium labore ducimus et occaecati. Unde perferendis iure maiores fugit.',81,'2017-08-01 20:06:04','2020-04-09 23:57:55'),(26,30,14,'Veniam eum quia temporibus omnis totam.','Dignissimos odio est voluptatum maiores accusamus. Omnis sapiente voluptas minus aspernatur ut exercitationem ea. Voluptatem ipsa enim quis porro.',19,'2012-04-27 11:53:40','2018-07-25 06:12:24'),(27,53,3,'Ut assumenda deleniti ea dolorem impedit minus consequuntur explicabo.','Architecto rem dolore eaque ut excepturi. Distinctio quia aliquid officia eum. Quia accusamus aut repellendus ut error illo ea.',69,'2016-06-26 20:11:02','2017-07-09 01:47:27'),(28,87,15,'Nostrum architecto eos ea est.','Repellendus illum ut magnam libero. Dicta quisquam voluptatum inventore quia assumenda pariatur sed. Quibusdam sed rem rem quia quaerat.',44,'2015-05-24 20:04:19','2017-04-30 13:34:50'),(29,92,17,'Architecto temporibus libero rerum inventore.','Quas dolorem sit dolore fugiat. Aperiam enim placeat voluptate et quasi. Praesentium nam illo consequatur pariatur nam.',37,'2013-10-16 23:39:50','2015-07-18 00:37:17'),(30,75,5,'Perferendis a dolore error voluptate soluta voluptatem.','Et inventore eum repellat repellat at voluptatibus aperiam. Qui qui soluta itaque dolore et. Cum adipisci aspernatur unde explicabo sed. Nulla saepe at et eius eum perspiciatis ullam.',40,'2020-01-19 09:14:30','2020-04-09 23:57:55'),(31,60,18,'Non assumenda sunt illum rerum.','Vel expedita ut consequatur et nisi rerum numquam. Soluta aut sit sit deleniti quas fugiat. Cumque qui velit maxime sint nobis. Et consequatur nemo est odio eveniet mollitia nam.',39,'2016-04-01 07:47:16','2017-07-05 22:04:07'),(32,40,4,'Et est reprehenderit ipsam dignissimos officiis harum facilis.','Qui provident perferendis dolores ut dolores et. Ut architecto qui cupiditate nisi non quos. Et dolores eius ratione et sed. Quis ut enim quae perferendis.',6,'2013-12-02 05:14:41','2017-12-13 02:29:49'),(33,95,4,'Laudantium sed et exercitationem tempore.','Rem veritatis minima accusamus necessitatibus nihil. Explicabo voluptatem quos impedit totam autem tempora eos magni. Voluptatem aliquid ex sed animi beatae quae. Delectus eos tenetur expedita a.',97,'2014-09-28 19:42:15','2020-04-09 18:32:27'),(34,62,19,'Sunt quasi nobis enim amet omnis dolores maxime dolorem.','Doloribus fugiat nemo sequi fuga. Corrupti esse similique sapiente nisi aperiam quibusdam voluptas. Et quibusdam id voluptas esse dolor. Sed neque aut sed alias facilis.',65,'2017-09-19 06:16:45','2020-04-09 23:57:55'),(35,22,16,'Molestiae in accusamus fuga.','Cum aut rem error architecto est eligendi. Aspernatur provident doloribus consequatur et. Explicabo voluptas eius laudantium dolores eum. Nulla deserunt et odio similique ipsum.',76,'2013-02-13 22:34:10','2020-04-09 18:32:34'),(36,98,14,'Et unde numquam at iure est.','Amet et eveniet quia est mollitia. Repudiandae dolore harum modi et voluptas cupiditate.',90,'2013-07-07 15:27:02','2014-05-19 09:38:43'),(37,98,2,'Quia natus est fugiat assumenda veniam est.','Laudantium sunt vel officiis totam quis. Cupiditate eveniet et officia sed qui praesentium. Sit maiores sed quasi delectus harum ad sed deserunt. Doloribus doloremque rerum facere error eum impedit.',98,'2015-02-15 08:38:27','2020-04-09 23:57:55'),(38,81,14,'Non quaerat est quas aperiam voluptatem aliquid dolor.','Id commodi aut est possimus. Laboriosam sunt et fugit eveniet et. Et est aspernatur quibusdam iure a. Qui ducimus aut tenetur ut nulla consequuntur earum.',30,'2015-12-20 18:36:37','2020-04-09 23:57:55'),(39,25,18,'Dolorem ipsum nostrum quis est nihil voluptate voluptas.','In aliquid modi ut. Aut eius adipisci nisi beatae quae id aut. Deleniti perspiciatis libero dolores qui.\nPlaceat dolorum eaque eos cum. Dolor sit dolorem autem.',21,'2017-02-11 12:36:53','2020-04-09 23:57:55'),(40,87,13,'Inventore soluta tenetur non sapiente accusamus dolores.','Et vel esse veritatis maiores accusamus et explicabo. Quam accusamus deleniti rem corporis nemo modi consequatur. Et iste non aut aut nihil deleniti. Sit et laboriosam incidunt vitae velit esse eum.',51,'2018-07-15 21:17:55','2020-04-09 23:57:55'),(41,28,5,'Eligendi est iste quis qui laudantium adipisci et.','Numquam sed est voluptas vel quia praesentium sint. Excepturi corporis perferendis reiciendis vel aut. Commodi at illum id est fugiat veniam sunt.',64,'2011-07-16 06:22:28','2020-04-09 18:32:39'),(42,12,12,'Sequi alias ducimus consequatur provident.','Non et sequi illum. Cum asperiores qui ex sit et id sed cumque. Quo expedita libero earum fugiat unde.',73,'2019-09-29 15:44:08','2020-04-09 23:57:55'),(43,43,15,'Architecto iure veritatis et distinctio provident in.','Architecto voluptatem dolorum ut praesentium. Nobis earum atque consequatur repudiandae facere mollitia eum velit. Odit eius nihil quia sit.',55,'2019-04-01 21:28:56','2020-04-09 23:57:55'),(44,11,8,'Dignissimos est nemo iure aperiam modi quaerat.','Delectus vitae porro tempora voluptas. Dolorem et qui eum et commodi voluptatem. Eum non minima et iste quod corrupti cum.',57,'2019-06-11 06:05:07','2020-04-09 23:57:55'),(45,66,13,'Laborum amet et quia.','Aliquid quia quia placeat. Nostrum ad omnis quis repellendus blanditiis velit eveniet aspernatur. Dolor dolores aut alias. Voluptatem debitis est nam numquam voluptatem.',93,'2016-12-15 06:38:07','2020-04-09 23:57:55'),(46,49,18,'Voluptas facilis debitis debitis aperiam tempora error facilis.','Ullam reiciendis molestias dolores. Quae laboriosam magnam possimus et. Et voluptatum odit excepturi dolorum dolorum aut saepe. Est voluptas in minus quisquam aperiam.',81,'2011-04-19 18:26:33','2013-01-11 08:04:28'),(47,6,16,'Delectus voluptatum et explicabo at provident eos quia.','Velit omnis iste labore illo facere qui eos aut. Reprehenderit repellendus omnis vel iure. Et illum voluptate rerum. Illo rerum autem aut sequi necessitatibus vel dolor fugit.',75,'2013-03-29 04:25:02','2020-04-09 23:57:55'),(48,56,15,'Quae aperiam cupiditate quia.','Et blanditiis dolor quia. Maxime facere nulla error vel quis dolor. Enim illum similique voluptatem voluptatum molestiae eaque eos. Eos id exercitationem explicabo id possimus.',98,'2017-02-24 06:09:33','2018-02-11 20:13:11'),(49,22,14,'Et saepe deleniti aut quas et.','Ex cumque id eum quam. Dolorum magni eum aut quia voluptates eos. Sed vero quis porro totam hic animi. Accusantium sit reprehenderit molestiae et.',64,'2016-01-19 22:23:40','2016-06-12 10:56:44'),(50,92,4,'Repellat non consequuntur sequi molestiae.','Blanditiis ut in perspiciatis facilis quia. Laudantium ut non velit similique autem commodi. Assumenda cupiditate dolores dolores sit.',76,'2017-10-18 08:05:38','2020-04-09 23:57:55'),(51,5,10,'Dicta quo minus et molestiae officiis rerum soluta.','Quibusdam omnis explicabo repellat voluptates qui et. Quis a expedita quia velit ut.\nEt unde consequatur voluptas. Ab et quidem est atque quo omnis. Quia ducimus eum omnis ea.',18,'2010-06-14 20:31:35','2011-04-16 06:11:45'),(52,42,2,'Dolorem rem illo dolorem pariatur eum voluptatem.','Rerum expedita illum quia saepe dolorem. Ipsum magni vero perspiciatis recusandae. Consequatur cupiditate beatae voluptas quis itaque exercitationem.',73,'2018-02-26 16:08:35','2020-04-09 23:57:55'),(53,20,18,'Adipisci qui molestiae aspernatur.','Reprehenderit sint ad fugiat sit molestias quas sequi. Ipsam ut voluptas atque eius. Neque omnis aut inventore unde et similique a.',8,'2017-10-30 16:04:24','2020-04-09 23:57:55'),(54,65,4,'Non ipsam porro ratione explicabo dicta quis.','Officia quam ut dolores velit. Sit voluptas eos eum atque dolor. Et libero similique dolorum nobis sint.',31,'2013-04-04 12:36:35','2014-04-01 05:17:19'),(55,23,19,'Id et sit quas est.','Sed et ut dignissimos odit sunt aut rerum. Quia qui dicta sed eum ipsa dolorem.',7,'2012-02-11 07:46:14','2015-08-17 08:42:19'),(56,37,16,'Nesciunt ipsam similique sint atque eum et corrupti.','Consequatur quas accusamus aut accusamus corporis. Vel et nostrum nulla hic. Dolores repellendus nihil voluptate. Quo consequatur repudiandae voluptatem nobis.',57,'2016-03-30 06:56:50','2020-04-09 23:57:55'),(57,25,8,'Est aut iste quisquam cumque eius illum quod.','Quasi a qui recusandae exercitationem. Quam ut delectus eum et sequi sunt esse. Veritatis ut et voluptas necessitatibus omnis aut.',96,'2019-10-23 17:56:53','2020-04-09 23:57:55'),(58,31,1,'Et totam possimus nulla minus animi sint.','Accusamus nobis sint et omnis. Explicabo voluptatem voluptate quia totam consectetur. Sed expedita dolorem neque ea quia provident nisi. Eos omnis atque occaecati ut quibusdam sint.',71,'2016-04-30 23:55:32','2018-06-10 08:33:49'),(59,5,20,'Hic doloremque atque sit sit possimus voluptatem sint.','Repudiandae temporibus provident possimus non. Vitae et aperiam iusto iste. Similique sit in magni est placeat. Repellendus sint ut similique non sapiente.',15,'2011-10-15 16:12:52','2020-04-09 18:32:46'),(60,1,6,'Cumque nisi neque sed cum reiciendis officia aut fugiat.','Eaque aut ut sequi nisi. Est quasi autem quas autem tenetur dolore quo. Repellat maxime est voluptatum soluta. Illo aut eveniet ab et voluptas quaerat repellat consequatur.',63,'2011-08-04 23:42:06','2013-01-03 13:18:12'),(61,85,4,'Corrupti expedita esse repellendus sunt magnam.','Ut magni minus est optio error tenetur quo. Sunt accusantium eius rerum provident voluptates facilis quaerat. Nesciunt est tempore sint voluptatibus.',3,'2015-01-12 05:27:11','2018-08-30 17:02:10'),(62,19,11,'Pariatur quam sit voluptatem asperiores maiores odit.','Doloremque officia voluptas fuga ullam illum tenetur voluptatem. Rerum ratione tenetur aperiam nisi esse. Voluptatum libero dolores sed officiis.',30,'2015-02-04 19:35:53','2020-04-09 23:57:55'),(63,89,5,'Omnis fugit et unde nemo nulla.','Omnis ab modi aut molestias corporis doloribus sint. Quaerat illo aut vitae repellat et odio dolores. Et ipsam rerum est suscipit minima occaecati.',9,'2019-12-07 03:10:09','2020-04-09 23:57:55'),(64,21,17,'Harum architecto nam laboriosam in ipsum.','Minus non beatae sed fugiat aperiam. Qui eaque sit esse ut.',1,'2019-12-14 16:12:43','2020-04-09 23:57:55'),(65,81,10,'Adipisci incidunt blanditiis eum ut ullam ut et facilis.','Maiores et quisquam impedit quo aut praesentium maxime. Et quis vitae voluptas facere repellat non dolor. Explicabo fuga vel accusantium magnam itaque enim.',44,'2010-12-20 01:46:48','2013-12-12 21:06:20'),(66,11,9,'Et dolore voluptatibus distinctio sunt deserunt explicabo minus.','Cupiditate animi et ut quos quasi. Suscipit veniam officiis mollitia ipsa ab animi veniam. Qui voluptates asperiores odit ab maiores ab aperiam. Sed animi aut et rerum impedit velit inventore porro.',81,'2015-11-11 07:08:17','2018-06-08 14:18:13'),(67,34,11,'Accusantium sint repellendus et mollitia iste eveniet.','Magni ut enim cupiditate laudantium et vel. Nam sed optio ut voluptatem porro culpa labore. Quia sequi quae dignissimos numquam. Expedita non totam qui asperiores eius possimus doloremque.',55,'2014-09-08 02:29:41','2020-04-09 18:32:52'),(68,59,13,'Repellendus quasi unde aliquid ut.','Consequatur id amet incidunt qui eligendi rerum. Repudiandae inventore magni vel voluptatem. Maxime ipsum dicta fuga vel sunt.',67,'2019-07-01 16:56:50','2020-04-09 23:57:55'),(69,28,7,'Quia facilis qui veniam qui.','Accusantium cupiditate occaecati consequatur enim illo. Quaerat occaecati vero et ut autem et voluptatem aut. Eum odit eveniet omnis ratione sit sed delectus modi.',20,'2019-03-18 12:31:21','2020-04-09 23:57:55'),(70,94,2,'Quam quae qui doloremque omnis eos harum.','Velit sunt nulla consequatur sed. Rerum quis voluptas possimus. Eligendi cumque pariatur earum praesentium.',1,'2013-04-20 22:28:01','2018-02-11 01:24:44'),(71,43,11,'Rerum incidunt tempora tempora corporis fugiat.','Ut dolore nulla dolorem ratione porro omnis. Tempore et possimus fugiat qui veniam. Enim itaque iure eos ut tenetur reiciendis.',6,'2012-01-24 03:28:02','2017-10-04 19:29:25'),(72,34,1,'Magnam nulla enim pariatur eaque odit nisi.','Dicta sed est odit sed est et. Voluptatem sit omnis non autem et nisi repellendus. Impedit eligendi sit voluptatem qui nemo harum.',13,'2014-07-08 03:01:05','2018-01-31 19:17:21'),(73,45,5,'Sit consequatur odit molestiae.','Officia deleniti et blanditiis vitae quos. Commodi placeat adipisci ut dignissimos aut placeat aut. Numquam non quia in consequatur. Praesentium aliquid neque aut dignissimos.',32,'2014-07-27 04:38:43','2020-04-09 23:57:55'),(74,33,11,'Doloribus ut occaecati error possimus id nesciunt.','Modi voluptas amet doloribus porro voluptas perferendis ut. Corrupti amet maxime officiis quas voluptatem at sed consequatur. Natus consequatur nihil minima et.',65,'2016-12-10 13:49:26','2020-04-09 23:57:55'),(75,40,10,'Ut blanditiis atque veniam magnam aliquid aut.','Eveniet eligendi neque et culpa cumque ratione magnam. Qui officia dolor atque ut asperiores. Reiciendis modi non ullam iure error ut.',53,'2011-08-20 23:30:15','2012-07-19 01:51:11'),(76,24,10,'Non nemo sunt quam vel.','Deleniti alias molestiae qui in. Sit dolorem accusamus magnam deleniti quaerat delectus. Non sit eum ullam fuga fugiat. Et quia provident cupiditate expedita ea quasi fugit.',54,'2019-11-02 19:38:52','2020-04-09 23:57:55'),(77,18,10,'Voluptatum unde distinctio et distinctio quae vel.','Accusantium tempore distinctio ut et. Quis dolorem ea ipsam ea. Porro expedita id quia consectetur qui repudiandae. Aliquid fugit fugiat error tempore ut. Totam velit sunt numquam enim repudiandae.',14,'2019-03-13 13:39:09','2019-12-09 13:22:06'),(78,59,18,'Rerum sit eveniet occaecati aspernatur odit unde.','Quaerat voluptatum omnis aut ducimus magni. Odio esse qui facere hic similique voluptates rerum. Quisquam cumque aliquid laboriosam debitis. Accusamus hic voluptatum minima ducimus officiis.',34,'2016-08-22 09:42:59','2020-04-09 23:57:55'),(79,74,6,'Tenetur aut ut sapiente saepe.','Autem eius totam non et error et. Et recusandae nulla consequatur dolores asperiores. Aliquid recusandae aut in unde molestiae ducimus. Iusto voluptas officiis omnis qui.',4,'2015-10-25 08:25:38','2020-04-09 23:57:55'),(80,12,1,'Aliquam tempore rem quos non voluptate sint.','Ad et dolorum quod numquam ea sequi. Vitae ab inventore quos enim.\nDolores qui atque et qui nihil qui voluptate aperiam. Quos accusamus labore accusamus eum. Tempore dolores doloremque qui sint.',60,'2016-12-19 08:08:14','2020-04-09 23:57:55'),(81,72,15,'Omnis et quia autem alias inventore fugit.','Voluptas qui sint laudantium magnam odio dolor. Facilis consequatur aliquam quia exercitationem. Quo dolor similique et nostrum deleniti et adipisci.',22,'2018-04-30 10:02:59','2018-05-15 12:11:06'),(82,31,6,'Praesentium tempore ullam vero sint culpa autem.','Sed aspernatur ut nihil vel autem. Explicabo sequi totam dignissimos est ipsa quisquam. Totam et excepturi omnis facilis ad sapiente dolores et. Ea assumenda voluptatum aut veniam est tempora.',24,'2018-01-07 20:50:34','2020-04-09 23:57:55'),(83,74,3,'Consequatur repudiandae dolores fugit veritatis.','Impedit veniam laudantium commodi omnis esse delectus. Quam dolores consequuntur beatae. Blanditiis quae ullam autem minus qui molestiae. Nemo voluptatibus fuga cupiditate recusandae sunt expedita.',78,'2016-10-07 12:27:31','2020-04-09 23:57:55'),(84,20,16,'Voluptatem aliquid molestias et.','Neque hic consequatur tenetur laborum quisquam occaecati sunt. Officiis eum consequatur minima at eos. Repellat qui omnis quis nobis sed. Numquam omnis accusantium eos dolor iure.',5,'2013-07-12 08:41:54','2020-04-09 23:57:55'),(85,71,20,'Placeat molestiae itaque excepturi perspiciatis illum et aliquam.','Doloremque ea cupiditate est quos sit qui dolorum. Tempore quos doloremque rem qui laborum recusandae qui. Earum qui fuga saepe sed eos eum.',2,'2015-10-07 18:26:23','2018-04-07 19:14:55'),(86,24,2,'Qui omnis repudiandae at quia voluptatibus explicabo minima.','Tempora error quae accusantium unde animi ut amet. Aliquam minus dignissimos veritatis in. Consequatur autem unde sunt maiores corrupti. Temporibus autem nulla id aliquid eius.',59,'2015-07-08 16:37:59','2017-12-12 13:10:32'),(87,10,13,'Ipsam sunt soluta veniam aut.','Ut quis id ipsam explicabo odio. Accusantium qui sapiente laborum recusandae. Et facilis nihil molestias.',61,'2016-12-08 06:23:56','2020-04-09 23:57:55'),(88,49,7,'Ipsam quo dolor tempore sunt.','Corrupti doloremque autem iste quia. A ut id repudiandae voluptatem. Et modi aut eum dolore.',7,'2015-06-21 14:39:13','2020-04-09 23:57:55'),(89,75,8,'Ullam sit totam mollitia.','Saepe doloribus ea enim distinctio. Possimus voluptate est iure.',55,'2019-05-21 14:58:26','2020-04-09 23:57:55'),(90,44,18,'Ea quia minima nemo ullam laboriosam ut libero labore.','Eos quasi ab dolores sunt. Vel harum consequatur consequatur hic. Deserunt magni commodi rerum. Qui eum velit veniam debitis perspiciatis.',63,'2016-10-24 01:29:30','2018-06-26 07:48:15'),(91,41,7,'Voluptatem fuga ea quibusdam et iusto.','Omnis enim a necessitatibus ipsum consectetur voluptates tempora officia. Sed consequatur quia tempora ut rem consequatur doloribus. Aut voluptates qui eos quo hic placeat.',77,'2013-01-13 12:29:03','2019-02-16 19:54:14'),(92,23,20,'Dignissimos natus eveniet ut quam.','Repellendus in quis eos rem neque. Vitae libero neque ipsum veritatis qui voluptas facilis. Placeat ipsa suscipit aliquam doloribus. Sit quia reiciendis iusto temporibus.',34,'2019-10-04 16:42:49','2020-04-09 23:57:55'),(93,52,14,'Repudiandae ab distinctio aut quia.','Iusto repudiandae illum labore totam soluta. Voluptatem ex architecto ullam libero et cumque. Animi adipisci iusto aut assumenda eos.',90,'2019-08-22 01:45:42','2020-04-09 23:57:55'),(94,79,13,'Et maxime inventore sed suscipit dolorem sit quia dolores.','Deserunt sint temporibus minus aut qui. In ullam odio aperiam. Et ducimus aut quos. Hic saepe aut qui nam. Nihil qui voluptate qui qui cumque quia eum qui.',37,'2013-11-06 04:35:47','2020-04-09 23:57:55'),(95,18,2,'Veritatis alias necessitatibus veniam saepe.','Quia vitae sint aut fuga. Est sit quo explicabo consequatur temporibus. Tenetur illo asperiores praesentium ad tempore. Eveniet voluptatem excepturi dolores ut mollitia molestiae temporibus maxime.',26,'2014-11-05 23:39:05','2020-04-09 23:57:55'),(96,65,8,'Illo ipsa architecto eos quis qui aut.','Itaque libero dignissimos quaerat laborum excepturi. Repellendus consequatur ipsa quia hic ea est eos blanditiis. Ipsa odit deleniti nam eum. Nesciunt natus aperiam ullam nobis quidem.',59,'2015-10-20 18:11:48','2020-04-09 23:57:55'),(97,60,19,'Aut nihil veritatis atque.','Qui eius minus ut qui sed doloribus ut accusamus. Incidunt dolores ut voluptates. Commodi quo non ipsa harum fugit voluptatem dolorem.',19,'2014-07-03 01:29:00','2014-07-31 18:02:15'),(98,21,6,'Sed est accusantium eaque optio eum modi sit.','Sint et doloremque ea blanditiis aut laboriosam occaecati. Dicta necessitatibus eveniet officiis corporis quia. Qui consequatur autem aut minima dicta dolor. Expedita placeat beatae beatae aut sint.',54,'2016-05-30 06:49:28','2018-07-18 14:56:52'),(99,83,17,'In alias et expedita earum quo deserunt.','Nobis qui necessitatibus vel corporis sint illum. Enim est aspernatur velit aut. Qui asperiores autem laborum necessitatibus architecto illum mollitia.',14,'2019-01-02 09:29:18','2020-04-09 23:57:55'),(100,27,9,'Temporibus et laudantium dicta quidem autem earum quia.','Qui fugit consequatur dignissimos minima architecto. Voluptate eum non ratione. Consequatur corrupti repudiandae minus vitae nihil magni id. Officiis harum quidem magni possimus omnis.',32,'2012-04-26 00:35:17','2018-08-23 06:57:46');
/*!40000 ALTER TABLE `posts` ENABLE KEYS */;
UNLOCK TABLES;

--
-- Table structure for table `profiles`
--

DROP TABLE IF EXISTS `profiles`;
/*!40101 SET @saved_cs_client     = @@character_set_client */;
/*!50503 SET character_set_client = utf8mb4 */;
CREATE TABLE `profiles` (
  `user_id` int unsigned NOT NULL,
  `gender` char(1) CHARACTER SET utf8 COLLATE utf8_unicode_ci NOT NULL,
  `birthday` date DEFAULT NULL,
  `city` varchar(100) CHARACTER SET utf8 COLLATE utf8_unicode_ci DEFAULT NULL,
  `country` varchar(100) CHARACTER SET utf8 COLLATE utf8_unicode_ci DEFAULT NULL,
  `photo_id` int unsigned DEFAULT NULL,
  `created_at` datetime DEFAULT CURRENT_TIMESTAMP,
  `updated_at` datetime DEFAULT CURRENT_TIMESTAMP ON UPDATE CURRENT_TIMESTAMP,
  PRIMARY KEY (`user_id`),
  KEY `profiles_photo_id_fk` (`photo_id`),
  CONSTRAINT `profiles_photo_id_fk` FOREIGN KEY (`photo_id`) REFERENCES `media` (`id`) ON DELETE SET NULL,
  CONSTRAINT `profiles_user_id_fk` FOREIGN KEY (`user_id`) REFERENCES `users` (`id`) ON DELETE CASCADE
) ENGINE=InnoDB DEFAULT CHARSET=utf8 COLLATE=utf8_unicode_ci;
/*!40101 SET character_set_client = @saved_cs_client */;

--
-- Dumping data for table `profiles`
--

LOCK TABLES `profiles` WRITE;
/*!40000 ALTER TABLE `profiles` DISABLE KEYS */;
INSERT INTO `profiles` VALUES (1,'F','1996-09-14','Howardhaven','Nepal',99,'1977-02-01 12:12:48','2020-03-31 22:47:29'),(2,'F','1999-01-12','Kreigerfurt','Saint Martin',99,'1930-10-14 01:24:46','1972-10-01 06:21:00'),(3,'M','2013-05-25','Rafaelview','United Arab Emirates',79,'1997-01-12 06:35:24','2020-03-31 22:47:29'),(4,'M','1986-01-20','South Braeden','Myanmar',1,'1962-04-03 19:21:24','2020-03-31 22:47:29'),(5,'F','1971-09-30','Lake Jeffereystad','Greece',72,'2004-05-03 09:47:21','2020-03-31 22:47:29'),(6,'M','1970-09-16','Russelmouth','Turkey',28,'2014-04-22 03:54:44','2020-03-31 22:47:29'),(7,'F','1996-02-27','Friesenchester','French Polynesia',67,'1939-05-29 14:11:04','1999-02-18 09:30:21'),(8,'M','1999-01-23','Port Ludiechester','Cuba',1,'2019-04-26 04:59:29','2020-03-31 22:47:29'),(9,'F','1985-02-05','North Jerrellland','Congo',4,'1970-11-14 16:39:40','2020-03-31 22:47:29'),(10,'F','1971-08-27','Lake Grahamfurt','Guatemala',34,'2019-10-20 18:45:41','2020-03-31 22:47:29'),(11,'F','1985-04-25','Lake Mylenehaven','Tonga',28,'1963-01-28 15:06:52','1978-09-26 19:02:33'),(12,'M','1996-06-01','Kirlinfort','Kazakhstan',36,'1955-10-02 23:09:07','1969-12-29 23:34:03'),(13,'M','1999-08-09','Vergieport','Kyrgyz Republic',91,'1973-06-01 06:39:57','2020-03-31 22:47:29'),(14,'F','1988-02-10','South Sageside','Monaco',84,'1924-01-23 06:23:53','1927-11-01 10:45:31'),(15,'M','1982-04-22','Ianberg','Germany',70,'1935-09-09 02:36:29','2018-09-10 21:53:13'),(16,'F','2008-05-13','Moenland','Hong Kong',50,'1986-10-21 00:28:45','2020-03-31 22:47:29'),(17,'F','1978-06-18','Darianatown','Portugal',47,'1990-07-18 18:35:45','2020-03-31 22:47:29'),(18,'M','2018-05-13','Swaniawskiville','Luxembourg',76,'1991-08-18 15:38:34','2001-02-03 01:13:41'),(19,'M','2000-06-18','West Patience','Sao Tome and Principe',6,'2016-09-25 19:47:42','2020-03-31 22:47:29'),(20,'M','2008-03-24','Lake Abdiel','Korea',95,'1948-07-15 05:16:28','1955-08-28 01:19:15'),(21,'M','2003-07-26','Walshside','Sudan',27,'1941-03-01 08:08:07','1990-07-07 02:55:42'),(22,'F','1996-05-12','Reichertburgh','Malta',78,'1973-11-03 20:28:11','1986-10-28 03:21:11'),(23,'F','1996-02-15','Lake Peggieberg','Cuba',80,'1974-03-04 22:57:00','2020-03-31 22:47:29'),(24,'F','2005-12-23','Johnsonfort','French Southern Territories',51,'1981-09-12 18:12:52','2020-03-31 22:47:29'),(25,'M','2007-12-17','Port Zackery','Saint Lucia',95,'1992-05-25 06:48:42','2020-03-31 22:47:29'),(26,'M','1994-04-10','South Evanville','Sao Tome and Principe',86,'2019-11-24 03:26:27','2020-03-31 22:47:29'),(27,'M','2012-04-21','Altenwerthview','Brazil',8,'2007-11-28 11:42:25','2020-03-31 22:47:29'),(28,'M','2007-03-18','West Rafaela','Finland',59,'1926-10-26 01:58:29','1997-02-12 16:43:15'),(29,'F','1988-10-24','Lake Brook','Italy',2,'1997-09-18 13:54:58','2020-03-31 22:47:29'),(30,'F','1990-03-27','North Alexanefort','Monaco',69,'1976-08-11 01:05:56','2020-03-31 22:47:29'),(31,'F','1986-01-31','Johnathonberg','Timor-Leste',93,'1952-05-28 18:23:09','1988-03-23 20:18:03'),(32,'M','1973-12-02','Lake Abbeyfurt','Anguilla',4,'1954-06-27 03:17:07','2020-03-31 22:47:29'),(33,'F','2014-09-01','McGlynnland','Honduras',23,'1923-09-04 07:12:54','1980-04-14 11:50:46'),(34,'M','1995-08-15','Jazlynhaven','Guadeloupe',5,'2012-06-19 07:30:16','2020-03-31 22:47:29'),(35,'F','1983-03-05','Coleton','Haiti',54,'1962-12-23 16:31:11','2017-09-26 19:14:06'),(36,'M','2002-04-23','South Roderick','Puerto Rico',3,'1963-10-01 11:51:31','1998-01-15 21:35:26'),(37,'F','1985-08-25','Hilpertton','Albania',54,'1992-03-02 12:24:43','2020-03-31 22:47:29'),(38,'M','1997-11-10','North Stephany','Myanmar',85,'2009-09-18 00:28:52','2020-03-31 22:47:29'),(39,'F','1971-01-27','Howeborough','Cambodia',98,'2012-07-22 08:48:46','2013-05-06 04:36:38'),(40,'F','2003-09-11','Jamisonmouth','South Africa',33,'1996-05-07 18:11:33','2002-03-16 17:36:48'),(41,'F','2017-10-06','South Sarah','Saint Vincent and the Grenadines',46,'1946-12-05 12:08:09','1994-05-27 02:56:12'),(42,'M','2003-12-16','North Claudia','Jersey',54,'1990-02-05 08:51:48','2020-03-31 22:47:29'),(43,'M','2003-03-16','New Dudley','Mali',70,'2014-01-11 17:17:12','2020-03-31 22:47:29'),(44,'M','1991-02-21','West Gerhard','Kazakhstan',76,'1986-07-31 01:23:04','2020-03-31 22:47:29'),(45,'F','1990-07-17','Sylviaport','South Africa',2,'2007-03-24 02:44:56','2020-03-31 22:47:29'),(46,'M','1995-10-12','Moenburgh','Bhutan',85,'1998-01-23 09:22:32','2020-03-31 22:47:29'),(47,'F','1995-02-22','Borerfort','Libyan Arab Jamahiriya',93,'1922-02-01 19:14:16','1955-10-16 20:47:09'),(48,'M','2017-09-28','Port Anthonyton','Portugal',24,'2005-01-05 23:38:39','2020-03-31 22:47:29'),(49,'F','1970-09-16','East Danny','Guinea-Bissau',41,'1932-06-28 11:18:32','1976-12-26 12:51:37'),(50,'F','2010-05-30','North Kyle','Albania',41,'1956-04-25 21:04:09','1963-08-22 07:56:19'),(51,'F','2003-06-20','North Dianna','Bulgaria',88,'1932-12-05 01:29:58','2016-06-12 14:58:07'),(52,'M','2015-07-20','Hansenstad','Slovakia (Slovak Republic)',34,'1932-04-18 04:37:31','1936-02-16 17:44:20'),(53,'M','1973-07-21','South Oceane','Mauritius',14,'1970-04-23 14:36:22','2020-03-31 22:47:29'),(54,'F','2004-07-14','West Martinchester','Ukraine',87,'1951-06-03 08:25:52','2020-03-31 22:47:29'),(55,'M','2001-05-07','Schadenhaven','Solomon Islands',81,'1982-07-15 21:04:23','2020-03-31 22:47:29'),(56,'M','1985-01-21','Pfannerstillport','Zimbabwe',78,'2015-02-13 16:52:58','2020-03-31 22:47:29'),(57,'M','2013-07-14','East Verdie','Trinidad and Tobago',23,'1997-02-05 04:57:43','1998-04-13 23:29:05'),(58,'M','1985-08-03','McLaughlinbury','Heard Island and McDonald Islands',78,'2003-03-19 09:26:57','2020-03-31 22:47:29'),(59,'F','2008-08-22','East Titoton','Swaziland',14,'1970-05-17 09:05:10','2020-03-31 22:47:29'),(60,'F','1986-03-14','Lake Beulah','Lao People\'s Democratic Republic',2,'1925-11-10 08:57:00','1961-06-02 04:24:15'),(61,'F','2004-07-03','Port Marie','Switzerland',47,'1972-07-18 21:06:48','2020-03-31 22:47:29'),(62,'M','2018-11-13','New Alexane','Russian Federation',82,'2007-09-14 14:24:51','2019-10-01 14:38:36'),(63,'M','1980-04-02','Schneiderchester','Ghana',28,'1979-09-30 16:24:31','2003-07-10 09:22:42'),(64,'M','1977-01-13','New Christa','American Samoa',7,'1978-05-17 03:24:50','2020-03-31 22:47:29'),(65,'M','1994-05-31','Simonehaven','United States of America',52,'2001-05-05 21:32:48','2006-04-04 23:08:57'),(66,'F','1996-08-06','Elsestad','Saint Martin',39,'1947-04-11 00:38:32','2002-06-09 13:19:51'),(67,'F','2001-10-08','Lake Ryder','Trinidad and Tobago',85,'1943-04-10 16:02:08','2020-03-31 22:47:29'),(68,'M','2011-08-25','West Oren','Botswana',67,'1993-03-27 08:22:09','2020-03-31 22:47:29'),(69,'F','1987-04-12','Keonshire','Syrian Arab Republic',55,'1942-04-03 05:01:50','1945-12-08 14:23:11'),(70,'F','1978-05-16','East Jeremiemouth','Serbia',95,'1946-09-22 11:14:58','1990-09-24 23:05:28'),(71,'F','1986-04-29','Forestborough','Romania',23,'1946-04-10 12:24:48','2015-12-05 08:25:31'),(72,'F','1970-05-06','Port Ottis','Moldova',6,'1984-08-06 14:58:53','2020-03-31 22:47:29'),(73,'F','1970-11-17','Fernandoside','Bolivia',91,'1957-12-17 04:45:50','2020-03-31 22:47:29'),(74,'F','2004-10-08','West Bonnieberg','Nauru',83,'1988-12-24 02:33:44','2020-03-31 22:47:29'),(75,'F','2005-11-05','Kieraview','Austria',80,'1936-11-25 10:46:58','1956-12-29 15:00:45'),(76,'F','1984-08-17','Trentville','Ireland',81,'1933-02-10 04:27:57','1938-04-04 13:34:07'),(77,'M','1977-07-22','West Jackson','Kazakhstan',5,'1962-09-23 13:10:44','2016-02-12 03:26:58'),(78,'M','1971-03-13','Cyrusmouth','Cape Verde',20,'1989-04-21 17:07:29','2020-03-31 22:47:29'),(79,'M','2016-11-07','West Jodie','Cook Islands',34,'1955-03-28 01:11:18','2020-03-31 22:47:29'),(80,'F','1988-05-29','East Robyntown','Sudan',59,'1927-11-12 00:27:52','1970-01-28 11:52:00'),(81,'M','1990-08-26','South Kipview','Somalia',22,'1927-02-04 06:59:11','1978-12-30 10:43:12'),(82,'F','2003-11-30','South Carolhaven','Estonia',31,'1950-12-25 04:07:12','1986-05-13 03:40:07'),(83,'F','2006-08-06','Erlingland','Grenada',66,'1987-10-06 01:40:43','2020-03-31 22:47:29'),(84,'F','2003-05-29','Ignaciofurt','South Africa',67,'1979-11-12 05:31:03','2020-03-31 22:47:29'),(85,'M','2014-06-06','East Tamia','Costa Rica',40,'2000-04-26 02:30:57','2010-12-31 04:47:51'),(86,'M','1999-10-08','Gayleton','Marshall Islands',60,'1920-08-18 22:51:37','1957-04-21 13:34:23'),(87,'M','2006-06-19','North Mortimerside','Haiti',2,'1956-10-20 23:40:47','2020-03-31 22:47:29'),(88,'F','1994-09-04','Danielaborough','Venezuela',66,'1921-12-30 01:05:56','2003-06-16 14:31:51'),(89,'M','1978-07-14','North Connerchester','Cyprus',91,'1978-08-26 03:34:44','2020-03-31 22:47:29'),(90,'F','1994-07-07','Janeville','Bahamas',20,'2012-02-19 08:49:31','2020-03-31 22:47:29'),(91,'F','1992-08-20','North Madilynchester','Ireland',5,'1947-01-11 17:27:52','2018-04-23 09:08:14'),(92,'M','2004-12-31','South Corrineville','Northern Mariana Islands',100,'2018-12-28 16:19:40','2020-03-31 22:47:29'),(93,'F','1982-09-15','Greenborough','Slovakia (Slovak Republic)',83,'1962-08-07 03:58:59','1991-11-15 10:53:08'),(94,'M','2013-09-28','West Clintton','Vietnam',84,'1951-06-25 14:38:20','1978-06-04 12:32:33'),(95,'M','2009-04-15','Gibsonchester','New Zealand',74,'1989-12-06 01:37:10','2020-03-31 22:47:29'),(96,'F','2005-06-13','Schoenborough','Gambia',54,'1998-03-21 15:06:43','2020-03-31 22:47:29'),(97,'M','2006-05-25','Swaniawskichester','Austria',60,'1996-04-30 20:50:35','2020-03-31 22:47:29'),(98,'M','1996-07-21','North Claudberg','Portugal',30,'1946-12-03 00:32:54','1958-07-13 11:44:23'),(99,'F','1972-04-25','South Griffin','Bolivia',3,'2017-11-10 07:40:19','2020-03-31 22:47:29'),(100,'F','2006-09-11','North Guillermo','United States of America',32,'2019-12-07 01:05:30','2020-03-31 22:47:29');
/*!40000 ALTER TABLE `profiles` ENABLE KEYS */;
UNLOCK TABLES;

--
-- Table structure for table `target_types`
--

DROP TABLE IF EXISTS `target_types`;
/*!40101 SET @saved_cs_client     = @@character_set_client */;
/*!50503 SET character_set_client = utf8mb4 */;
CREATE TABLE `target_types` (
  `id` int unsigned NOT NULL AUTO_INCREMENT,
  `name` varchar(255) NOT NULL,
  `created_at` datetime DEFAULT CURRENT_TIMESTAMP,
  PRIMARY KEY (`id`),
  UNIQUE KEY `name` (`name`)
) ENGINE=InnoDB AUTO_INCREMENT=5 DEFAULT CHARSET=utf8mb4 COLLATE=utf8mb4_0900_ai_ci;
/*!40101 SET character_set_client = @saved_cs_client */;

--
-- Dumping data for table `target_types`
--

LOCK TABLES `target_types` WRITE;
/*!40000 ALTER TABLE `target_types` DISABLE KEYS */;
INSERT INTO `target_types` VALUES (1,'messages','2020-04-09 04:13:06'),(2,'users','2020-04-09 04:13:06'),(3,'media','2020-04-09 04:13:06'),(4,'posts','2020-04-09 04:13:06');
/*!40000 ALTER TABLE `target_types` ENABLE KEYS */;
UNLOCK TABLES;

--
-- Table structure for table `users`
--

DROP TABLE IF EXISTS `users`;
/*!40101 SET @saved_cs_client     = @@character_set_client */;
/*!50503 SET character_set_client = utf8mb4 */;
CREATE TABLE `users` (
  `id` int unsigned NOT NULL AUTO_INCREMENT,
  `first_name` varchar(100) CHARACTER SET utf8 COLLATE utf8_unicode_ci NOT NULL,
  `last_name` varchar(100) CHARACTER SET utf8 COLLATE utf8_unicode_ci NOT NULL,
  `email` varchar(120) CHARACTER SET utf8 COLLATE utf8_unicode_ci NOT NULL,
  `phone` varchar(13) COLLATE utf8_unicode_ci NOT NULL,
  `created_at` datetime DEFAULT CURRENT_TIMESTAMP,
  `updated_at` datetime DEFAULT CURRENT_TIMESTAMP ON UPDATE CURRENT_TIMESTAMP,
  PRIMARY KEY (`id`),
  UNIQUE KEY `email` (`email`),
  UNIQUE KEY `phone` (`phone`),
  UNIQUE KEY `phone_2` (`phone`),
  UNIQUE KEY `phone_3` (`phone`)
) ENGINE=InnoDB AUTO_INCREMENT=101 DEFAULT CHARSET=utf8 COLLATE=utf8_unicode_ci;
/*!40101 SET character_set_client = @saved_cs_client */;

--
-- Dumping data for table `users`
--

LOCK TABLES `users` WRITE;
/*!40000 ALTER TABLE `users` DISABLE KEYS */;
INSERT INTO `users` VALUES (1,'Alexys','Rippin','pbuckridge@example.org','0294163387207','1992-06-30 20:53:39','2020-03-31 22:30:21'),(2,'Monroe','Wehner','senger.eldridge@example.net','636.288.71778','1989-09-20 17:53:40','2020-03-31 22:30:21'),(3,'Jarred','Bednar','jeramie.hilll@example.com','960.981.30472','1966-03-08 05:47:43','2020-03-31 22:30:21'),(4,'Wilhelm','Huel','lindsey13@example.org','606.533.12826','1982-09-23 23:27:35','2020-03-31 22:30:21'),(5,'Lynn','Pacocha','macejkovic.georgette@example.com','+35(0)5185815','1964-10-21 21:20:47','2020-03-31 22:30:21'),(6,'Melany','Hilpert','cerdman@example.org','0078199742598','1991-03-16 06:15:50','2020-03-31 22:30:21'),(7,'Lewis','Mitchell','roob.sandy@example.org','296.773.51445','1961-03-05 14:39:55','2020-03-31 22:30:21'),(8,'Carmelo','Emard','alind@example.net','291-759-51333','1969-06-11 03:27:33','2020-03-31 22:30:21'),(9,'Clemmie','Bogan','nnienow@example.com','+88(5)2129230','1976-10-29 17:40:01','2020-03-31 22:30:21'),(10,'Nash','O\'Hara','jarred.roob@example.net','278.686.59950','1975-10-28 00:02:52','2020-03-31 22:30:21'),(11,'Marcelino','Bednar','shields.chaya@example.com','(773)035-0364','1966-11-02 12:24:15','2020-03-31 22:30:21'),(12,'Ella','Crist','kavon.marvin@example.com','687.487.57671','2014-12-04 01:05:42','2020-03-31 22:30:21'),(13,'Anita','Kutch','ara28@example.com','1-688-866-364','1953-03-06 03:33:31','2020-03-31 22:30:21'),(14,'Ashleigh','Hane','littel.wallace@example.com','(111)305-0607','1981-12-03 13:05:01','2020-03-31 22:30:21'),(15,'Jaren','Berge','runolfsson.birdie@example.com','172.430.82945','1934-04-20 17:46:17','2020-03-31 22:30:21'),(16,'Ubaldo','Effertz','hassie72@example.org','093.747.81109','2013-10-06 09:00:51','2020-03-31 22:30:21'),(17,'Kari','Glover','kuhlman.dixie@example.com','(579)310-7305','2015-03-31 03:13:47','2020-03-31 22:30:21'),(18,'Hester','Brakus','mosciski.ashlynn@example.net','1-081-932-198','2010-11-14 15:16:18','2020-03-31 22:30:21'),(19,'Bruce','Feeney','caterina83@example.org','918.851.54878','1986-12-28 11:30:29','2020-03-31 22:30:21'),(20,'Koby','Harris','yheaney@example.net','406.423.27997','1993-06-15 21:55:17','2020-03-31 22:30:21'),(21,'Junior','Kshlerin','kaci11@example.net','1-135-101-456','2018-01-12 00:21:54','2020-03-31 22:30:21'),(22,'Keven','Berge','mercedes30@example.net','(554)684-5986','2010-05-28 19:04:14','2020-03-31 22:30:21'),(23,'Dewayne','Bartell','jcollier@example.org','(317)780-0767','2004-05-22 05:48:34','2020-03-31 22:30:21'),(24,'Jerrod','Lueilwitz','tillman.lura@example.net','064-067-79778','2002-01-06 07:54:07','2020-03-31 22:30:21'),(25,'Francisca','Spencer','mclaughlin.winfield@example.com','+78(8)0920592','1966-04-29 19:45:08','2020-03-31 22:30:21'),(26,'Mabelle','Keebler','favian.schowalter@example.org','(251)847-3523','1972-01-18 15:30:52','2020-03-31 22:30:21'),(27,'Priscilla','Balistreri','devante97@example.org','640.609.83741','1923-07-07 09:38:31','2020-03-31 22:30:21'),(28,'Maci','Moore','joaquin.murazik@example.net','1-282-304-237','1951-10-18 08:20:59','2020-03-31 22:30:21'),(29,'Samara','Runolfsson','rmohr@example.net','668.287.51663','1964-05-25 12:20:25','2020-03-31 22:30:21'),(30,'Vaughn','Yost','ondricka.zelma@example.net','+93(8)3841706','1932-07-26 06:09:59','2020-03-31 22:30:21'),(31,'Tania','Boehm','ullrich.june@example.net','0598527147543','1989-07-28 01:15:50','2020-03-31 22:30:21'),(32,'Gerard','Denesik','kbruen@example.com','925-611-04495','2014-02-18 06:37:58','2020-03-31 22:30:21'),(33,'Callie','White','garnet.muller@example.net','1-708-462-748','1956-12-30 02:04:10','2020-03-31 22:30:21'),(34,'Edmond','Kovacek','lindgren.jarvis@example.com','870-705-14356','2014-04-15 14:56:24','2020-03-31 22:30:21'),(35,'Carmine','Stroman','pfannerstill.karolann@example.net','276-752-53335','1998-04-18 02:45:40','2020-03-31 22:30:21'),(36,'Hermann','Nienow','hhowe@example.org','596.872.07508','1923-05-04 19:06:52','2020-03-31 22:30:21'),(37,'Annabel','Lueilwitz','emmerich.retta@example.net','(272)511-7538','2020-02-04 01:46:21','2020-03-31 22:30:21'),(38,'Frank','Ryan','leopold84@example.com','+50(3)1956168','1968-08-20 03:51:30','2020-03-31 22:30:21'),(39,'Talia','Kovacek','ryder.tillman@example.org','038.783.97922','1991-10-03 15:06:29','2020-03-31 22:30:21'),(40,'Candice','Dickinson','gayle09@example.com','(473)557-9410','1969-06-19 23:58:21','2020-03-31 22:30:21'),(41,'Karianne','Quitzon','zetta33@example.net','(430)509-8982','1997-04-28 09:36:28','2020-03-31 22:30:21'),(42,'Brigitte','Hane','dayne72@example.net','653.700.73886','1945-04-23 06:39:30','2020-03-31 22:30:21'),(43,'Clemmie','Schoen','mills.nickolas@example.net','+23(3)0805486','1971-02-02 20:20:40','2020-03-31 22:30:21'),(44,'Harrison','Hamill','dayna.stroman@example.com','928.395.88569','2005-11-11 06:38:40','2020-03-31 22:30:21'),(45,'Schuyler','Blick','vhills@example.com','+29(4)9722389','1982-05-15 03:07:51','2020-03-31 22:30:21'),(46,'Catherine','Adams','predovic.domenic@example.com','0994584089140','2012-12-20 01:12:29','2020-03-31 22:30:21'),(47,'Darien','Wisoky','dooley.moshe@example.com','1-825-040-332','2018-05-19 05:41:00','2020-03-31 22:30:21'),(48,'Loy','Champlin','eleonore18@example.org','0264366500241','1930-01-20 07:50:16','2020-03-31 22:30:21'),(49,'Mckenna','Wiegand','dorothy.crooks@example.com','104-039-66108','1927-11-25 06:12:22','2020-03-31 22:30:21'),(50,'Marvin','Torphy','dfahey@example.org','(229)969-5616','1959-11-24 21:25:17','2020-03-31 22:30:21'),(51,'Hester','Cronin','tromp.elvie@example.org','1-506-070-859','1999-01-05 16:46:33','2020-03-31 22:30:21'),(52,'Rosalinda','Senger','ksporer@example.net','(216)032-1551','1954-01-15 06:13:20','2020-03-31 22:30:21'),(53,'Art','Lesch','dane11@example.net','(805)011-9977','1970-04-16 21:46:34','2020-03-31 22:30:21'),(54,'Irwin','McLaughlin','pbarton@example.net','942.250.42437','1990-11-07 05:53:10','2020-03-31 22:30:21'),(55,'Marco','Koelpin','kunze.max@example.com','272.295.97952','1930-01-24 07:06:10','2020-03-31 22:30:21'),(56,'Maxie','Donnelly','phuels@example.com','1-995-043-652','2018-08-13 16:10:53','2020-03-31 22:30:21'),(57,'Payton','Hahn','arjun.zulauf@example.net','1-928-309-303','1986-07-24 05:22:53','2020-03-31 22:30:21'),(58,'Addie','Lehner','lleffler@example.net','(703)517-6360','1935-12-27 23:47:26','2020-03-31 22:30:21'),(59,'Helga','Wintheiser','wquitzon@example.net','(556)160-4792','1939-01-18 08:19:51','2020-03-31 22:30:21'),(60,'Valentina','Wolf','o\'keefe.aubree@example.net','186.447.79981','1937-11-28 10:20:57','2020-03-31 22:30:21'),(61,'Arnold','Schimmel','uwisoky@example.com','484.238.30633','1977-06-11 06:35:56','2020-03-31 22:30:21'),(62,'Omari','Wehner','lulu.dooley@example.com','648-990-48120','1975-09-25 13:04:36','2020-03-31 22:30:21'),(63,'Hortense','Murray','dooley.katarina@example.com','0153556657400','1987-07-09 21:40:47','2020-03-31 22:30:21'),(64,'Idell','Stark','alfreda03@example.net','(767)258-8642','1974-05-12 04:17:38','2020-03-31 22:30:21'),(65,'Lionel','Muller','fritsch.nicolas@example.net','804.484.96113','1960-10-06 07:48:41','2020-03-31 22:30:21'),(66,'Agustin','Morissette','justus67@example.org','(557)793-3338','1946-02-27 20:42:52','2020-03-31 22:30:21'),(67,'Stuart','Kessler','akuvalis@example.org','0279097681352','1940-09-05 04:32:03','2020-03-31 22:30:21'),(68,'Consuelo','Schoen','raymundo.dickens@example.net','(517)929-1645','1959-11-01 12:36:55','2020-03-31 22:30:21'),(69,'Carmela','Pacocha','zmoen@example.org','(615)560-2274','2005-10-29 05:53:07','2020-03-31 22:30:21'),(70,'Zion','Ward','mgoodwin@example.org','337.359.87232','1959-05-20 00:16:49','2020-03-31 22:30:21'),(71,'Cory','Koss','gbernier@example.com','894-973-93238','2013-09-04 15:33:05','2020-03-31 22:30:21'),(72,'Alicia','Kuvalis','dallas.stroman@example.org','1-160-734-394','1957-11-19 16:28:20','2020-03-31 22:30:21'),(73,'Albertha','Gorczany','vilma.kutch@example.com','083.859.23258','2000-09-13 03:03:40','2020-03-31 22:30:21'),(74,'Edwin','Nader','jordyn.brown@example.net','(586)860-7908','1955-01-22 18:42:49','2020-03-31 22:30:21'),(75,'Emmie','Hills','mcglynn.addison@example.com','640-567-42967','1986-04-30 02:01:02','2020-03-31 22:30:21'),(76,'Elinore','Hagenes','kacey05@example.org','073-786-60217','1958-10-13 13:32:17','2020-03-31 22:30:21'),(77,'Eriberto','Eichmann','eldridge.krajcik@example.com','658.858.95781','2011-04-04 19:07:39','2020-03-31 22:30:21'),(78,'Montana','Huel','ymaggio@example.com','795-878-78458','1977-04-30 12:49:24','2020-03-31 22:30:21'),(79,'Cathrine','Quigley','isabel.howell@example.org','602-188-79748','2008-04-14 09:18:29','2020-03-31 22:30:21'),(80,'Dessie','Kuhlman','lo\'connell@example.org','(769)777-4465','2020-02-27 12:22:59','2020-03-31 22:30:21'),(81,'Eloy','Koss','molly62@example.com','019-167-91881','1988-11-19 19:30:07','2020-03-31 22:30:21'),(82,'Haleigh','Carroll','o\'conner.saige@example.net','(763)723-7215','1925-08-17 07:20:34','2020-03-31 22:30:21'),(83,'Richmond','Vandervort','champlin.andres@example.com','1-441-258-128','1950-02-26 06:35:09','2020-03-31 22:30:21'),(84,'Mack','Walker','fernando30@example.com','(542)877-0796','2006-04-05 21:16:52','2020-03-31 22:30:21'),(85,'Kelly','Koelpin','tyree.kunde@example.com','1-996-068-798','1942-06-23 16:01:04','2020-03-31 22:30:21'),(86,'Polly','Collier','tboehm@example.net','1-682-564-606','1933-08-17 04:41:23','2020-03-31 22:30:21'),(87,'Cristina','Bartoletti','hdare@example.org','1-907-167-537','1928-10-17 03:31:02','2020-03-31 22:30:21'),(88,'Rita','Lang','qraynor@example.net','1-368-873-766','1946-08-25 18:57:33','2020-03-31 22:30:21'),(89,'Jada','Kreiger','cordia.howell@example.org','+67(3)6140323','1932-10-04 22:35:41','2020-03-31 22:30:21'),(90,'Ignacio','Hermann','upton.bernice@example.org','009-664-38116','1968-08-03 17:27:34','2020-03-31 22:30:21'),(91,'Isobel','Swift','vgreenfelder@example.com','982-859-16408','1972-07-25 15:07:34','2020-03-31 22:30:21'),(92,'Vena','Jast','weissnat.jennings@example.org','(193)408-9696','1966-01-17 12:15:53','2020-03-31 22:30:21'),(93,'Thalia','Dietrich','lucio.zieme@example.com','450-867-95359','1982-04-22 07:32:18','2020-03-31 22:30:21'),(94,'Katrine','Schiller','runolfsson.angus@example.com','287.599.36506','2006-03-13 02:56:52','2020-03-31 22:30:21'),(95,'Ivory','Reichert','hailey99@example.org','1-733-314-454','1940-10-27 16:20:42','2020-03-31 22:30:21'),(96,'Ike','Kertzmann','gottlieb.garett@example.net','972.114.53654','2012-07-18 10:29:59','2020-03-31 22:30:21'),(97,'Colten','Crona','lexus.welch@example.org','1-019-098-908','1971-12-23 22:11:42','2020-03-31 22:30:21'),(98,'Newton','Little','carroll.israel@example.org','(948)110-6681','2013-03-15 09:13:16','2020-03-31 22:30:21'),(99,'Rodolfo','Dare','mathias50@example.com','0367753076583','1953-07-05 16:58:10','2020-03-31 22:30:21'),(100,'Emmitt','Franecki','dickinson.jefferey@example.net','(319)554-2771','1930-09-17 04:15:18','2020-03-31 22:30:21');
/*!40000 ALTER TABLE `users` ENABLE KEYS */;
UNLOCK TABLES;

--
-- Dumping routines for database 'vk'
--
/*!40103 SET TIME_ZONE=@OLD_TIME_ZONE */;

/*!40101 SET SQL_MODE=@OLD_SQL_MODE */;
/*!40014 SET FOREIGN_KEY_CHECKS=@OLD_FOREIGN_KEY_CHECKS */;
/*!40014 SET UNIQUE_CHECKS=@OLD_UNIQUE_CHECKS */;
/*!40101 SET CHARACTER_SET_CLIENT=@OLD_CHARACTER_SET_CLIENT */;
/*!40101 SET CHARACTER_SET_RESULTS=@OLD_CHARACTER_SET_RESULTS */;
/*!40101 SET COLLATION_CONNECTION=@OLD_COLLATION_CONNECTION */;
/*!40111 SET SQL_NOTES=@OLD_SQL_NOTES */;

-- Dump completed on 2020-04-10  0:32:21
